,col
0,https://bikroy.com/en/ad/bajaj-pulsar-2019-for-sale-dhaka-713
1,https://bikroy.com/en/ad/mahindra-gusto-2018-2017-for-sale-khulna
2,https://bikroy.com/en/ad/tvs-metro-plus-on-test-2019-for-sale-mymensingh-division
3,https://bikroy.com/en/ad/yamaha-fzs-fi-sp-e-super-fresh-2017-for-sale-dhaka-3
4,https://bikroy.com/en/ad/bajaj-freedom-110-ml-2022-for-sale-rangpur-division
5,https://bikroy.com/en/ad/bajaj-ct-100-1-2011-for-sale-mymensingh
6,https://bikroy.com/en/ad/aprilia-gpr-150-mddel-2021-for-sale-dhaka
7,https://bikroy.com/en/ad/tvs-apache-rtr-4v-like-new-2021-for-sale-dhaka
8,https://bikroy.com/en/ad/bajaj-pulsar-2018-for-sale-chattogram-285
9,https://bikroy.com/en/ad/suzuki-gixxer-sf-2016-for-sale-chattogram-66
10,https://bikroy.com/en/ad/yamaha-fzs-2018-for-sale-dhaka-division-75
11,https://bikroy.com/en/ad/bajaj-discover-100cc-2017-for-sale-chattogram-division-14
12,https://bikroy.com/en/ad/bajaj-pulsar-2011-for-sale-chattogram-423
13,https://bikroy.com/en/ad/hero-2021-for-sale-chattogram-7
14,https://bikroy.com/en/ad/bajaj-pulsar-2018-for-sale-khulna-division-158
15,https://bikroy.com/en/ad/yamaha-x-max-r15-v3-fi-dual-abs-dd-2021-for-sale-dhaka
16,https://bikroy.com/en/ad/aprilia-gpr-150-as-like-new-bike-2021-for-sale-dhaka
17,https://bikroy.com/en/ad/hero-hunk-double-disk-2017-for-sale-dhaka-division-1
18,https://bikroy.com/en/ad/suzuki-110-cc-bike-2001-for-sale-dhaka
19,https://bikroy.com/en/ad/yamaha-fzs-2012-for-sale-sylhet-division-1
20,https://bikroy.com/en/ad/tvs-apache-rtr-160-2021-for-sale-dhaka-division-3
21,https://bikroy.com/en/ad/keeway-k-light-150-on-test-almost-new-2020-for-sale-dhaka-3
22,https://bikroy.com/en/ad/tvs-apache-rtr-fresh-2020-for-sale-dhaka-division
23,https://bikroy.com/en/ad/bir-bettery-2021-for-sale-dhaka
24,https://bikroy.com/en/ad/yamaha-fazer-2018-for-sale-chattogram-45
25,https://bikroy.com/en/ad/tvs-metro-2012-for-sale-rangpur-2
26,https://bikroy.com/en/ad/suzuki-gixxer-sf-fi-abs-official-2021-for-sale-khulna
27,https://bikroy.com/en/ad/bajaj-discover-2017-2011-for-sale-dhaka
28,https://bikroy.com/en/ad/honda-cg125-2007-for-sale-dhaka-109
29,https://bikroy.com/en/ad/suzuki-gixxer-fi-abs-2020-for-sale-sylhet-6
30,https://bikroy.com/en/ad/suzuki-gixxer-2021-for-sale-chattogram-21
31,https://bikroy.com/en/ad/hero-hunk-2018-for-sale-dhaka-1382
32,https://bikroy.com/en/ad/yamaha-2010-for-sale-dhaka-division-8
33,https://bikroy.com/en/ad/yamaha-fazer-takar-dorkar-2014-for-sale-dhaka
34,https://bikroy.com/en/ad/bajaj-pulsar-as-150-2019-for-sale-rajshahi
35,https://bikroy.com/en/ad/honda-cg125-cg-125-pakistani-2006-for-sale-dhaka
36,https://bikroy.com/en/ad/yamaha-enticer-fresh-condition-2010-for-sale-dhaka
37,https://bikroy.com/en/ad/suzuki-gixxer-dd-new-condition-2018-for-sale-dhaka-1
38,https://bikroy.com/en/ad/bajaj-pulsar-condition-new-dd-2019-for-sale-dhaka
39,https://bikroy.com/en/ad/suzuki-gsx-new-condition-2020-for-sale-dhaka-2
40,https://bikroy.com/en/ad/bajaj-discover-peresh-knddishn-2017-for-sale-chattogram
41,https://bikroy.com/en/ad/freedom-runner-freebom-royal-es-2007-for-sale-dhaka-division
42,https://bikroy.com/en/ad/bajaj-pulsar-pulser-single-dixs-2019-for-sale-dhaka
43,https://bikroy.com/en/ad/yamaha-yzf-r15-ymaha-v3-2019-for-sale-dhaka
44,https://bikroy.com/en/ad/dayun-1-2022-for-sale-rajshahi-division
45,https://bikroy.com/en/ad/bajaj-platina-2021-for-sale-khulna-division-3
46,https://bikroy.com/en/ad/yamaha-fzs-fz-v2-2021-for-sale-dhaka
47,https://bikroy.com/en/ad/tvs-sport-2009-for-sale-dhaka-40
48,https://bikroy.com/en/ad/hero-pleasure-2013-for-sale-rajshahi
49,https://bikroy.com/en/ad/suzuki-baaik-2015-for-sale-dhaka-division
50,https://bikroy.com/en/ad/hero-hf-deluxe-selph-sttaatt-2019-for-sale-dhaka
51,https://bikroy.com/en/ad/honda-livo-2021-2022-for-sale-chattogram
52,https://bikroy.com/en/ad/tvs-metro-2013-for-sale-dhaka-272
53,https://bikroy.com/en/ad/honda-cd-1997-for-sale-dhaka-9
54,https://bikroy.com/en/ad/hero-pleasure-2013-for-sale-rajshahi
55,https://bikroy.com/en/ad/bajaj-discover-2017-2011-for-sale-dhaka
56,https://bikroy.com/en/ad/hero-hunk-double-disk-2019-for-sale-dhaka-38
57,https://bikroy.com/en/ad/honda-shine-2019-for-sale-dhaka-55
58,https://bikroy.com/en/ad/hero-glamour-2021-for-sale-rangpur-division-5
59,https://bikroy.com/en/ad/suzuki-gixxer-dd-marun-and-silver-2019-for-sale-dhaka
60,https://bikroy.com/en/ad/bajaj-pulsar-2019-for-sale-dhaka-706
61,https://bikroy.com/en/ad/bajaj-discover-2021-for-sale-chattogram-21
62,https://bikroy.com/en/ad/suzuki-gixxer-sf-2016-for-sale-dhaka-731
63,https://bikroy.com/en/ad/yamaha-yzf-r15-monster-official-2019-for-sale-dhaka-1
64,https://bikroy.com/en/ad/beetle-bolt-bobcat-3ddds-2018-for-sale-dhaka
65,https://bikroy.com/en/ad/yamaha-fzs-v-3-bs-2019-for-sale-dhaka
66,https://bikroy.com/en/ad/honda-hornet-double-dick-2020-for-sale-chattogram
67,https://bikroy.com/en/ad/hero-glamour-2bchrer-kaagj-2017-for-sale-sylhet-5
68,https://bikroy.com/en/ad/yamaha-fzs-double-dick-2019-for-sale-chattogram-1
69,https://bikroy.com/en/ad/dayang-runner-dy100-daayyaan-2015-for-sale-mymensingh-division
70,https://bikroy.com/en/ad/hero-hunk-dd-matt-red-black-2020-for-sale-barishal
71,https://bikroy.com/en/ad/sym-dd-almost-new-2020-for-sale-dhaka
72,https://bikroy.com/en/ad/hero-glamour-2018-for-sale-dhaka-487
73,https://bikroy.com/en/ad/suzuki-gixxer-sf-bs6-2021-for-sale-dhaka
74,https://bikroy.com/en/ad/tvs-apache-rtr-4vxcanit-abs-dd-2021-for-sale-dhaka
75,https://bikroy.com/en/ad/bajaj-discover-sd-2019-for-sale-dhaka-12
76,https://bikroy.com/en/ad/bajaj-platina-2018-model-2021-reg-for-sale-dhaka
77,https://bikroy.com/en/ad/honda-hornet-2018-for-sale-dhaka-953
78,https://bikroy.com/en/ad/tvs-stryker-on-test-newcondition-2021-for-sale-dhaka
79,https://bikroy.com/en/ad/h-power-zaara-110-2020-for-sale-dhaka-22
80,https://bikroy.com/en/ad/honda-livo-black-2018-for-sale-dhaka-34
81,https://bikroy.com/en/ad/suzuki-gixxer-sf2021-2021-for-sale-khulna
82,https://bikroy.com/en/ad/bajaj-discover-2017-2011-for-sale-dhaka
83,https://bikroy.com/en/ad/mahindra-skutti-2014-for-sale-dhaka
84,https://bikroy.com/en/ad/bajaj-pulsar-sd-fresh-2017-for-sale-dhaka-1
85,https://bikroy.com/en/ad/runner-deluxe-dayang-bike-2020-for-sale-dhaka
86,https://bikroy.com/en/ad/yamaha-rx-1998-for-sale-barishal-7
87,https://bikroy.com/en/ad/bajaj-discover-cc125-2010-for-sale-dhaka
88,https://bikroy.com/en/ad/yamaha-fzs-2017-for-sale-barishal-14
89,https://bikroy.com/en/ad/tvs-metro-plus-sohaa-mttrs-2020-for-sale-dhaka-division-2
90,https://bikroy.com/en/ad/honda-cd-cash-deposit80cc-2022-for-sale-barishal-division
91,https://bikroy.com/en/ad/yamaha-mt-15-indian-bs6-new-2021-for-sale-dhaka
92,https://bikroy.com/en/ad/bajaj-pulsar-2019-2018-for-sale-rajshahi-5
93,https://bikroy.com/en/ad/suzuki-gixxer-2018-for-sale-dhaka-920
94,https://bikroy.com/en/ad/yamaha-fzs-v3-bs6-dark-knight-2020-for-sale-dhaka
95,https://bikroy.com/en/ad/taro-gp-1-v3-abs-on-test-2021-for-sale-dhaka
96,https://bikroy.com/en/ad/hero-hunk-new-model-mat-blue-2020-for-sale-khulna
97,https://bikroy.com/en/ad/yamaha-mt-15-almost-new-indo-bike-2021-for-sale-dhaka
98,https://bikroy.com/en/ad/honda-livo-almost-new-bike-2019-for-sale-dhaka
99,https://bikroy.com/en/ad/hero-passion-honda-digital-smart-2005-for-sale-dhaka
100,https://bikroy.com/en/ad/tvs-apache-rtr-appaci-4v-2020-for-sale-dhaka
101,https://bikroy.com/en/ad/new-atv-bike-250-cc-2020-for-sale-chattogram
102,https://bikroy.com/en/ad/bajaj-discover-2015-for-sale-dhaka-division-235
103,https://bikroy.com/en/ad/runner-turbo-125-150-2017-for-sale-dhaka
104,https://bikroy.com/en/ad/honda-unicorn-phruk-mottrs-2017-for-sale-dhaka-4
105,https://bikroy.com/en/ad/bajaj-pulsar-ns-fi-abs-dd-2021-for-sale-dhaka
106,https://bikroy.com/en/ad/mahindra-centuro-phruk-mottrs-2018-for-sale-dhaka-1
107,https://bikroy.com/en/ad/mahindra-centuro-phaaruk-mottrs-2019-for-sale-dhaka
108,https://bikroy.com/en/ad/bajaj-pulsar-twin-disk-2020-for-sale-rangpur-division
109,https://bikroy.com/en/ad/linkn-2020-for-sale-sylhet-division-1
110,https://bikroy.com/en/ad/bajaj-platina-black-2019-for-sale-dhaka-5
111,https://bikroy.com/en/ad/tvs-apache-rtr-phruk-mottrs-2017-for-sale-dhaka-1
112,https://bikroy.com/en/ad/yamaha-fzs-v3-bs4-dd-2019-for-sale-dhaka
113,https://bikroy.com/en/ad/tvs-apache-rtr-phruk-mottrs-2018-for-sale-dhaka-2
114,https://bikroy.com/en/ad/honda-hornet-dd-cbs-2019-for-sale-dhaka-63
115,https://bikroy.com/en/ad/suzuki-gixxer-fi-2017-for-sale-dhaka
116,https://bikroy.com/en/ad/tvs-apache-rtr-60sisi-2018-for-sale-dhaka
117,https://bikroy.com/en/ad/suzuki-gixxer-sf-2018-for-sale-dhaka-203
118,https://bikroy.com/en/ad/suzuki-gixxer-sf-dd-2019-for-sale-dhaka-241
119,https://bikroy.com/en/ad/suzuki-gixxer-dd-2017-for-sale-dhaka-164
120,https://bikroy.com/en/ad/hero-cbz-xtrem-dd-2012-for-sale-dhaka-13
121,https://bikroy.com/en/ad/tvs-metro-palass-2016-for-sale-dhaka
122,https://bikroy.com/en/ad/bajaj-discover-phruk-mottrs-2015-for-sale-dhaka-1
123,https://bikroy.com/en/ad/hero-glamour-phruk-mottrs-2018-for-sale-dhaka-1
124,https://bikroy.com/en/ad/bajaj-pulsar-dd-2018-for-sale-dhaka-168
125,https://bikroy.com/en/ad/tvs-apache-rtr-4v-dd-2019-for-sale-dhaka-352
126,https://bikroy.com/en/ad/runner-bullet-10bchrer-kaagj-2016-for-sale-sylhet-7
127,https://bikroy.com/en/ad/bajaj-pulsar-2021-for-sale-dhaka-228
128,https://bikroy.com/en/ad/suzuki-1998-for-sale-dhaka-division-7
129,https://bikroy.com/en/ad/jamuna-pegaasaas-2015-for-sale-dhaka
130,https://bikroy.com/en/ad/hero-glamour-phruk-mottrs-2018-for-sale-dhaka-2
131,https://bikroy.com/en/ad/honda-hornet-2018-for-sale-khulna-66
132,https://bikroy.com/en/ad/yamaha-fzs-fi-2018-for-sale-dhaka-60
133,https://bikroy.com/en/ad/suzuki-gixxer-sf-dd-black-2017-for-sale-dhaka-9
134,https://bikroy.com/en/ad/yamaha-fzs-v2-dd-blue-2019-for-sale-dhaka-5
135,https://bikroy.com/en/ad/tvs-stryker-bhaalo-2018-for-sale-mymensingh
136,https://bikroy.com/en/ad/hero-pleasure-2013-for-sale-rajshahi
137,https://bikroy.com/en/ad/keeway-rkv-150-dd-2015-for-sale-dhaka-1
138,https://bikroy.com/en/ad/honda-livo-ddisk-brek-blaak-2018-for-sale-dhaka-3
139,https://bikroy.com/en/ad/yamaha-fazer-phruk-mottrs-2017-for-sale-dhaka
140,https://bikroy.com/en/ad/bajaj-discover-dicescover-125-2021-for-sale-chattogram
141,https://bikroy.com/en/ad/hero-glamour-ddisk-blaak-and-blu-2016-for-sale-dhaka-1
142,https://bikroy.com/en/ad/suyyaan-saai-2008-for-sale-rangpur-division
143,https://bikroy.com/en/ad/runner-turbo-125-red-2018-for-sale-dhaka-6
144,https://bikroy.com/en/ad/bajaj-pulsar-ug5-sdrejihkre-dib-2020-for-sale-dhaka-1
145,https://bikroy.com/en/ad/yamaha-fazer-2016-for-sale-barishal-7
146,https://bikroy.com/en/ad/tvs-bhaalo-2010-for-sale-rajshahi
147,https://bikroy.com/en/ad/honda-cbr-abs-dual-disk-2020-for-sale-dhaka
148,https://bikroy.com/en/ad/yamaha-yzf-r15-v3-midnight-black-2020-for-sale-dhaka
149,https://bikroy.com/en/ad/bajaj-pulsar-phruk-mottrs-2014-for-sale-dhaka
150,https://bikroy.com/en/ad/suzuki-gixxer-sigel-ddisk-blaak-2016-for-sale-dhaka
151,https://bikroy.com/en/ad/yamaha-fzs-v1-2015-for-sale-dhaka-23
152,https://bikroy.com/en/ad/suzuki-gixxer-ddaabl-ddisk-blaak-2020-for-sale-dhaka
153,https://bikroy.com/en/ad/tvs-apache-rtr-4v-dd-red-2019-for-sale-dhaka-24
154,https://bikroy.com/en/ad/yamaha-sz-rr-phruk-mottrs-2011-for-sale-dhaka
155,https://bikroy.com/en/ad/pegasus-zeus-150cc-2018-for-sale-dhaka
156,https://bikroy.com/en/ad/hero-glamour-phruk-mottrs-2018-for-sale-dhaka-4
157,https://bikroy.com/en/ad/honda-livo-2018-for-sale-dhaka-597
158,https://bikroy.com/en/ad/bajaj-discover-110-dsh-bchr-kaagj-kraa-2018-for-sale-dhaka
159,https://bikroy.com/en/ad/hero-passion-pro-phruk-mottrs-2012-for-sale-dhaka
160,https://bikroy.com/en/ad/suzuki-gixxer-2021-model-for-sale-sylhet
161,https://bikroy.com/en/ad/hero-cbz-xtrem-dds-2012-for-sale-dhaka-2
162,https://bikroy.com/en/ad/suzuki-gixxer-sf-2021-for-sale-dhaka-18
163,https://bikroy.com/en/ad/honda-cbr-2019-for-sale-dhaka-103
164,https://bikroy.com/en/ad/bajaj-aspire-phruk-mottrs-2017-for-sale-dhaka
165,https://bikroy.com/en/ad/honda-cd-80-2022-for-sale-chattogram-2
166,https://bikroy.com/en/ad/yamaha-fzs-fi-abs-v3-2019-for-sale-dhaka-6
167,https://bikroy.com/en/ad/keeway-magnet-100-phruk-mottrs-2017-for-sale-dhaka
168,https://bikroy.com/en/ad/lml-selp-ssttaartt-vespa-1995-for-sale-dhaka
169,https://bikroy.com/en/ad/tvs-apache-rtr-2014-for-sale-rangpur-68
170,https://bikroy.com/en/ad/yamaha-fzs-single-dix-2019-for-sale-khulna-4
171,https://bikroy.com/en/ad/yamaha-fazer-10-bchrer-kaagj-kraa-2020-for-sale-khulna-3
172,https://bikroy.com/en/ad/honda-x-blade-2020-for-sale-dhaka-division-19
173,https://bikroy.com/en/ad/bajaj-discover-single-dix-one-test-2021-for-sale-khulna
174,https://bikroy.com/en/ad/yamaha-fzs-2-dix-10-bchrer-kaagj-2019-for-sale-khulna
175,https://bikroy.com/en/ad/bajaj-discover-100-2016-for-sale-khulna-division-8
176,https://bikroy.com/en/ad/tvs-4v-2020-for-sale-chattogram-division-5
177,https://bikroy.com/en/ad/tvs-flame-2011-for-sale-mymensingh-division
178,https://bikroy.com/en/ad/runner-cheeta-citaa-100-2021-for-sale-dhaka
179,https://bikroy.com/en/ad/bajaj-pulsar-2010-for-sale-sylhet-644
180,https://bikroy.com/en/ad/tvs-metro-plus-110cc-2019-for-sale-dhaka-division
181,https://bikroy.com/en/ad/tvs-apache-rtr-2015-for-sale-dhaka-2063
182,https://bikroy.com/en/ad/tvs-apache-rtr-2015-for-sale-dhaka-2062
183,https://bikroy.com/en/ad/bajaj-discover-135-cc-2010-for-sale-khulna-division-2
184,https://bikroy.com/en/ad/yamaha-yzf-r15-2021-for-sale-dhaka-132
185,https://bikroy.com/en/ad/yamaha-fazer-1-2014-for-sale-chattogram
186,https://bikroy.com/en/ad/suzuki-gsx-2021-for-sale-dhaka-36
187,https://bikroy.com/en/ad/hero-2020-for-sale-khulna-17
188,https://bikroy.com/en/ad/suzuki-gixxer-doble-disk-2019-for-sale-dhaka
189,https://bikroy.com/en/ad/bajaj-discover-rejissttreshn-phrii-2-2020-for-sale-dhaka-1
190,https://bikroy.com/en/ad/honda-cb-x-motion-2021-for-sale-khulna
191,https://bikroy.com/en/ad/tvs-apache-rtr-apace-160-blue-2020-for-sale-khulna
192,https://bikroy.com/en/ad/tvs-apache-rtr-4v-2020-for-sale-dhaka-263
193,https://bikroy.com/en/ad/bajaj-pulsar-150-2010-for-sale-khulna-1
194,https://bikroy.com/en/ad/hero-hunk-2019-for-sale-barishal-21
195,https://bikroy.com/en/ad/bajaj-pulsar-dd-2020-2020-for-sale-sylhet
196,https://bikroy.com/en/ad/hero-splendor-nxg-2013-for-sale-sylhet
197,https://bikroy.com/en/ad/tvs-flame-2011-2012-for-sale-mymensingh-division
198,https://bikroy.com/en/ad/tvs-apache-rtr-4v-2018-for-sale-dhaka-91
199,https://bikroy.com/en/ad/roadmaster-rapido-150-cc-2021-for-sale-barishal
200,https://bikroy.com/en/ad/akij-2019-2018-for-sale-dhaka
201,https://bikroy.com/en/ad/singer-2014-for-sale-dhaka
202,https://bikroy.com/en/ad/suzuki-hayate-on-test-2020-for-sale-mymensingh-division-1
203,https://bikroy.com/en/ad/hero-glamour-kub-bhaalo-2017-for-sale-sylhet
204,https://bikroy.com/en/ad/bajaj-platina-fresh-2015-for-sale-barishal
205,https://bikroy.com/en/ad/bajaj-pulsar-2014-for-sale-khulna-division-150
206,https://bikroy.com/en/ad/bajaj-discover-2017-for-sale-rangpur-division-5
207,https://bikroy.com/en/ad/bajaj-pulsar-ns-160-2020-for-sale-khulna-division-3
208,https://bikroy.com/en/ad/walton-2010-for-sale-sylhet-1
209,https://bikroy.com/en/ad/tvs-apache-rtr-2017-for-sale-dhaka-2000
210,https://bikroy.com/en/ad/bajaj-pulsar-ns-160-2020-for-sale-dhaka-22
211,https://bikroy.com/en/ad/bajaj-pulsar-2013-for-sale-khulna-258
212,https://bikroy.com/en/ad/hero-passion-2008-for-sale-chattogram-7
213,https://bikroy.com/en/ad/roadmaster-rapido-cbs-brake-2019-for-sale-khulna-division
214,https://bikroy.com/en/ad/tvs-apache-rtr-2014-for-sale-khulna-236
215,https://bikroy.com/en/ad/bajaj-pulsar-2018-2017-for-sale-dhaka-6
216,https://bikroy.com/en/ad/bajaj-discover-fresh-2013-for-sale-khulna-division
217,https://bikroy.com/en/ad/tvs-stryker-2019-for-sale-dhaka-541
218,https://bikroy.com/en/ad/hero-splendor-honda-2005-for-sale-chattogram-division
219,https://bikroy.com/en/ad/bajaj-pulsar-ug4-2015-for-sale-dhaka-13
220,https://bikroy.com/en/ad/bajaj-pulsar-double-disks-2019-for-sale-sylhet
221,https://bikroy.com/en/ad/tvs-apache-rtr-fresh-2013-for-sale-dhaka-4
222,https://bikroy.com/en/ad/runner-turbo-2020-for-sale-dhaka-1
223,https://bikroy.com/en/ad/suzuki-gixxer-sf-fi-abs-2020-for-sale-dhaka-125
224,https://bikroy.com/en/ad/yamaha-yzf-r15-10-bchrer-kaagjer-2017-for-sale-dhaka
225,https://bikroy.com/en/ad/regal-raptor-gtxl-sports-3-abs-2020-for-sale-dhaka-1
226,https://bikroy.com/en/ad/yamaha-fzs-fi-v2-super-fresh-2019-for-sale-dhaka
227,https://bikroy.com/en/ad/yamaha-yzf-r15-v3-indonesia-2021-for-sale-rajshahi-division-1
228,https://bikroy.com/en/ad/suzuki-gsx-fresh-2017-for-sale-dhaka-4
229,https://bikroy.com/en/ad/suzuki-gsx-bumlebee-2020-for-sale-dhaka
230,https://bikroy.com/en/ad/suzuki-gixxer-sf-dd-2021-for-sale-dhaka-3
231,https://bikroy.com/en/ad/tvs-apache-rtr-dd-2020-for-sale-dhaka-7
232,https://bikroy.com/en/ad/yamaha-vlo-gari-1998-for-sale-dhaka
233,https://bikroy.com/en/ad/bajaj-platina-1-2018-for-sale-dhaka
234,https://bikroy.com/en/ad/haojue-cool-150-haauji-2018-for-sale-rangpur
235,https://bikroy.com/en/ad/bajaj-discover-st125-2014-for-sale-chattogram
236,https://bikroy.com/en/ad/yamaha-fazer-2018-for-sale-dhaka-369
237,https://bikroy.com/en/ad/bajaj-pulsar-4-calar-modified-2011-for-sale-chattogram
238,https://bikroy.com/en/ad/yamaha-fzs-v3-abs-indian-2019-for-sale-dhaka-1
239,https://bikroy.com/en/ad/hero-splendor-ismart-2021-for-sale-sylhet-1
240,https://bikroy.com/en/ad/yamaha-mt-15-abs-version-2020-for-sale-dhaka
241,https://bikroy.com/en/ad/yamaha-fazer-2-bchr-er-kaagj-2018-for-sale-dhaka-21
242,https://bikroy.com/en/ad/yamaha-fzs-bhi-ttu-eph-aai-2017-for-sale-dhaka-10
243,https://bikroy.com/en/ad/bajaj-avenger-150-street-2018-for-sale-chattogram-136
244,https://bikroy.com/en/ad/yamaha-fazer-2019-for-sale-dhaka-111
245,https://bikroy.com/en/ad/yamaha-fzs-2-bchr-er-kaagj-2020-for-sale-dhaka-3
246,https://bikroy.com/en/ad/yamaha-fazer-rejissttreshn-sh-daam-2021-for-sale-dhaka-2
247,https://bikroy.com/en/ad/tvs-apache-rtr-2017-for-sale-sylhet-division-3
248,https://bikroy.com/en/ad/suzuki-gixxer-sf-2019-for-sale-dhaka-167
249,https://bikroy.com/en/ad/tvs-apache-rtr-myaatt-blu-2017-for-sale-dhaka-5
250,https://bikroy.com/en/ad/tvs-apache-rtr-singel-ddisk-2018-for-sale-dhaka-15
251,https://bikroy.com/en/ad/yamaha-yzf-r15-2020-for-sale-dhaka-176
252,https://bikroy.com/en/ad/bajaj-pulsar-abs-2021-for-sale-khulna-division
253,https://bikroy.com/en/ad/tvs-apache-rtr-rejissttreshn-kre-dib-2021-for-sale-dhaka-1
254,https://bikroy.com/en/ad/suzuki-gsx-2-bchr-er-kaagj-2020-for-sale-dhaka-1
255,https://bikroy.com/en/ad/suzuki-gixxer-blaak-ddi-2020-for-sale-dhaka
256,https://bikroy.com/en/ad/tvs-apache-rtr-rejissttreshn-sh-daam-2021-for-sale-dhaka-1
257,https://bikroy.com/en/ad/suzuki-gixxer-kaarborettr-bhaarsn-2021-for-sale-dhaka-4
258,https://bikroy.com/en/ad/suzuki-gixxer-sf-d-2017-for-sale-dhaka-2
259,https://bikroy.com/en/ad/tvs-apache-rtr-2018-for-sale-chattogram-division-202
260,https://bikroy.com/en/ad/suzuki-gixxer-rejissttreshn-sh-daam-2020-for-sale-dhaka-25
261,https://bikroy.com/en/ad/yamaha-mt-15-2020-for-sale-dhaka-72
262,https://bikroy.com/en/ad/suzuki-gixxer-fi-abs-version-2020-for-sale-dhaka-12
263,https://bikroy.com/en/ad/suzuki-gixxer-dduyyel-ddisk-brek-2018-for-sale-dhaka-18
264,https://bikroy.com/en/ad/suzuki-gsx-non-abs-2020-for-sale-dhaka-2
265,https://bikroy.com/en/ad/suzuki-gixxer-fi-version-2020-for-sale-dhaka-2
266,https://bikroy.com/en/ad/tvs-metro-fresh-condition-2021-for-sale-chattogram-division
267,https://bikroy.com/en/ad/honda-cbr-thailand-version-2015-for-sale-dhaka
268,https://bikroy.com/en/ad/bajaj-pulsar-10-yr-paper-2018-for-sale-dhaka-1
269,https://bikroy.com/en/ad/bajaj-pulsar-2-bchr-er-kaagj-2016-for-sale-dhaka-19
270,https://bikroy.com/en/ad/tvs-stryker-bhaalo-2018-for-sale-mymensingh
271,https://bikroy.com/en/ad/suzuki-gsx-rdualabson-testn-2021-for-sale-dhaka
272,https://bikroy.com/en/ad/bajaj-pulsar-en-es-ddi-2020-for-sale-dhaka-4
273,https://bikroy.com/en/ad/bajaj-pulsar-dduyyel-ddisk-brek-2020-for-sale-dhaka-12
274,https://bikroy.com/en/ad/bajaj-pulsar-full-fresh-2014-for-sale-sylhet-1
275,https://bikroy.com/en/ad/tvs-apache-rtr-new-condition-2020-for-sale-chattogram-division-1
276,https://bikroy.com/en/ad/emma-2008-for-sale-sylhet
277,https://bikroy.com/en/ad/bajaj-pulsar-135-used-2013-for-sale-chattogram
278,https://bikroy.com/en/ad/keeway-rk-125-freshcondition-2018-for-sale-chattogram-division
279,https://bikroy.com/en/ad/yamaha-fzs-v2-2017-for-sale-sylhet-121
280,https://bikroy.com/en/ad/bajaj-discover-phresh-knddishn-2015-for-sale-dhaka-division
281,https://bikroy.com/en/ad/tvs-apache-rtr-g-2012-for-sale-dhaka
282,https://bikroy.com/en/ad/runner-cheeta-fress-bike-2019-for-sale-barishal
283,https://bikroy.com/en/ad/bajaj-pulsar-10-bchr-er-kaagj-2011-for-sale-dhaka
284,https://bikroy.com/en/ad/bajaj-pulsar-rejissttreshn-sh-daam-2021-for-sale-dhaka-3
285,https://bikroy.com/en/ad/bajaj-discover-byaabhit-2017-for-sale-dhaka
286,https://bikroy.com/en/ad/tvs-victor-bhaal-2010-for-sale-dhaka
287,https://bikroy.com/en/ad/yamaha-ss-125-2012-for-sale-sylhet-division
288,https://bikroy.com/en/ad/bajaj-pulsar-2010-for-sale-dhaka-2393
289,https://bikroy.com/en/ad/yamaha-fzs-v2-2018-for-sale-dhaka-134
290,https://bikroy.com/en/ad/suzuki-gixxer-sf-dd-2019-for-sale-dhaka-division-19
291,https://bikroy.com/en/ad/hero-honda-2008-for-sale-khulna
292,https://bikroy.com/en/ad/hero-2014-for-sale-khulna-division-1
293,https://bikroy.com/en/ad/hero-xtreme-sports-2016-for-sale-dhaka-159
294,https://bikroy.com/en/ad/tvs-apache-rtr-4v-dd-2019-for-sale-dhaka-355
295,https://bikroy.com/en/ad/bajaj-discover-2015-for-sale-rangpur-15
296,https://bikroy.com/en/ad/honda-hornet-black-2018-for-sale-khulna-1
297,https://bikroy.com/en/ad/hero-glamour-good-condition-2010-for-sale-dhaka-1
298,https://bikroy.com/en/ad/bajaj-discover-110-cbs-2020-for-sale-dhaka-1
299,https://bikroy.com/en/ad/tvs-metro-plus-2020-for-sale-sylhet-39
300,https://bikroy.com/en/ad/tvs-metro-plus-2019-for-sale-sylhet-131
301,https://bikroy.com/en/ad/bajaj-pulsar-dd-2018-for-sale-sylhet-31
302,https://bikroy.com/en/ad/honda-hornet-dd-2019-for-sale-sylhet
303,https://bikroy.com/en/ad/bajaj-platina-110-cc-2019-for-sale-chattogram
304,https://bikroy.com/en/ad/hero-hf-deluxe-2019-for-sale-sylhet-54
305,https://bikroy.com/en/ad/php-red-2019-for-sale-chattogram
306,https://bikroy.com/en/ad/honda-cbr-abs-2019-for-sale-dhaka-13
307,https://bikroy.com/en/ad/honda-hornet-black-2018-for-sale-khulna
308,https://bikroy.com/en/ad/h-power-zaara-110-2018-2022-for-sale-chattogram-division
309,https://bikroy.com/en/ad/hero-passion-pro-2020-for-sale-dhaka-division-6
310,https://bikroy.com/en/ad/hero-achiever-2019-for-sale-sylhet-9
311,https://bikroy.com/en/ad/tvs-apache-rtr-black-2014-for-sale-khulna-36
312,https://bikroy.com/en/ad/bajaj-pulsar-2018-for-sale-dhaka-division-309
313,https://bikroy.com/en/ad/suzuki-gixxer-sf-dd-f-i-2020-for-sale-dhaka-5
314,https://bikroy.com/en/ad/suzuki-gixxer-sf-dd-2019-for-sale-dhaka-243
315,https://bikroy.com/en/ad/tvs-apache-rtr-2021-for-sale-dhaka-196
316,https://bikroy.com/en/ad/tvs-apache-rtr-2019-for-sale-dhaka-division-283
317,https://bikroy.com/en/ad/suzuki-gixxer-gixar-sf-2021-for-sale-dhaka-4
318,https://bikroy.com/en/ad/tvs-apache-rtr-150-2020-for-sale-chattogram-division
319,https://bikroy.com/en/ad/bajaj-pulsar-2020-for-sale-dhaka-364
320,https://bikroy.com/en/ad/tvs-stryker-2019-for-sale-barishal-division-6
321,https://bikroy.com/en/ad/suzuki-gixxer-sf-dd-2018-for-sale-dhaka-193
322,https://bikroy.com/en/ad/tvs-metro-2019-for-sale-dhaka-376
323,https://bikroy.com/en/ad/hero-splendor-plus-2009-for-sale-dhaka-2
324,https://bikroy.com/en/ad/yamaha-fazer-2018-for-sale-khulna-35
325,https://bikroy.com/en/ad/honda-livo-2017-for-sale-dhaka-229
326,https://bikroy.com/en/ad/yamaha-fazer-v-2-f-i-2018-for-sale-dhaka-61
327,https://bikroy.com/en/ad/suzuki-gixxer-dd-maa-mttrs-2020-for-sale-sylhet
328,https://bikroy.com/en/ad/bajaj-pulsar-sd-2014-for-sale-dhaka-32
329,https://bikroy.com/en/ad/tvs-apache-rtr-blue-2018-for-sale-khulna-25
330,https://bikroy.com/en/ad/suzuki-gixxer-dd-2018-for-sale-dhaka-393
331,https://bikroy.com/en/ad/h-power-2018-for-sale-dhaka-5
332,https://bikroy.com/en/ad/tvs-apache-rtr-2016-2017-for-sale-chattogram-division
333,https://bikroy.com/en/ad/yamaha-fzs-v-2-f-i-2019-for-sale-dhaka-19
334,https://bikroy.com/en/ad/tvs-ntorq-125cc-special-2021-for-sale-dhaka
335,https://bikroy.com/en/ad/hero-xtreme-sports-2016-for-sale-dhaka-160
336,https://bikroy.com/en/ad/hero-passion-pro-2016-for-sale-sylhet-124
337,https://bikroy.com/en/ad/zongshen-zs-2008-2007-for-sale-rangpur-division-1
338,https://bikroy.com/en/ad/tvs-apache-rtr-4v-sd-160-2yr-paper-2020-for-sale-sylhet-3
339,https://bikroy.com/en/ad/hero-glamour-black-2010-for-sale-sylhet-1
340,https://bikroy.com/en/ad/suzuki-intruder-abs-10years-papers-2017-for-sale-dhaka
341,https://bikroy.com/en/ad/bajaj-discover-good-condition-2016-for-sale-rajshahi-division-2
342,https://bikroy.com/en/ad/yamaha-fzs-paper-ten-years-2015-for-sale-dhaka
343,https://bikroy.com/en/ad/yamaha-fzs-150-cc-2012-for-sale-dhaka
344,https://bikroy.com/en/ad/bajaj-pulsar-kaalo-laal-2018-for-sale-khulna-division
345,https://bikroy.com/en/ad/honda-cdi-1972-for-sale-mymensingh
346,https://bikroy.com/en/ad/new-atv-bike-2020-for-sale-chattogram-1
347,https://bikroy.com/en/ad/tvs-apache-rtr-160-2018-for-sale-rangpur-division
348,https://bikroy.com/en/ad/suzuki-gixxer-sf-dd-2019-for-sale-dhaka-242
349,https://bikroy.com/en/ad/tvs-starcity-plus-2010-2015-for-sale-dhaka
350,https://bikroy.com/en/ad/bajaj-pulsar-bhaalo-gaaddi-2019-for-sale-dhaka-division
351,https://bikroy.com/en/ad/honda-cbr-2019-for-sale-dhaka-103
352,https://bikroy.com/en/ad/tvs-apache-rtr-2016-for-sale-khulna-277
353,https://bikroy.com/en/ad/bajaj-pulsar-2015-for-sale-chattogram-176
354,https://bikroy.com/en/ad/bajaj-discover-2022-for-sale-rajshahi-division-1
355,https://bikroy.com/en/ad/haabib-paakistaani-2012-for-sale-sylhet-division
356,https://bikroy.com/en/ad/hero-hunk-2018-for-sale-chattogram-division-46
357,https://bikroy.com/en/ad/mahindra-centuro-rockstar-2017-for-sale-sylhet-5
358,https://bikroy.com/en/ad/hero-ignitor-2019-for-sale-sylhet-93
359,https://bikroy.com/en/ad/yamaha-fazer-v-2-f-i-2018-for-sale-dhaka-62
360,https://bikroy.com/en/ad/bajaj-pulsar-sd-2017-for-sale-dhaka-52
361,https://bikroy.com/en/ad/bajaj-discover-22010-2009-for-sale-dhaka
362,https://bikroy.com/en/ad/bajaj-pulsar-dd-2021-for-sale-dhaka-21
363,https://bikroy.com/en/ad/suzuki-gixxer-dd-2019-for-sale-dhaka-244
364,https://bikroy.com/en/ad/hero-hunk-dd-2018-for-sale-dhaka-455
365,https://bikroy.com/en/ad/bajaj-platina-2017-for-sale-dhaka-176
366,https://bikroy.com/en/ad/bajaj-platina-self-start-2019-for-sale-dhaka-19
367,https://bikroy.com/en/ad/bajaj-discover-new-version-2021-for-sale-chattogram
368,https://bikroy.com/en/ad/bajaj-platina-cbs-break-2021-for-sale-dhaka-14
369,https://bikroy.com/en/ad/bajaj-pulsar-on-test-double-disk-2020-for-sale-chattogram
370,https://bikroy.com/en/ad/honda-shine-sp-cb-2020-for-sale-chattogram
371,https://bikroy.com/en/ad/bajaj-discover-sd-2012-for-sale-dhaka-10
372,https://bikroy.com/en/ad/yamaha-rx-100-1996-for-sale-dhaka-division-10
373,https://bikroy.com/en/ad/bajaj-discover-sd-2016-for-sale-dhaka-7
374,https://bikroy.com/en/ad/walton-fusion-good-condition-2003-for-sale-dhaka
375,https://bikroy.com/en/ad/yamaha-fazer-v-1-dual-ton-2015-for-sale-dhaka-5
376,https://bikroy.com/en/ad/yamaha-x-max-r15-indonesia-version-2021-for-sale-dhaka-3
377,https://bikroy.com/en/ad/hero-ignitor-heroignitor-v3-cbs-2021-for-sale-dhaka
378,https://bikroy.com/en/ad/bajaj-discover-2017-2011-for-sale-dhaka
379,https://bikroy.com/en/ad/hero-dawn-honda-2006-for-sale-sylhet
380,https://bikroy.com/en/ad/honda-hornet-sd-2018-for-sale-dhaka-137
381,https://bikroy.com/en/ad/lifan-kpr-dd-2017-for-sale-dhaka-14
382,https://bikroy.com/en/ad/bajaj-discover-2019-for-sale-dhaka-division-87
383,https://bikroy.com/en/ad/bajaj-pulsar-2012-for-sale-dhaka-4240
384,https://bikroy.com/en/ad/hero-cd-deluxe-maa-mttrs-2008-for-sale-sylhet-1
385,https://bikroy.com/en/ad/tvs-apache-rtr-2017-for-sale-dhaka-1999
386,https://bikroy.com/en/ad/runner-kite-sd-2020-for-sale-dhaka-32
387,https://bikroy.com/en/ad/tvs-apache-rtr-4v-2020-for-sale-dhaka-262
388,https://bikroy.com/en/ad/bajaj-discover-100-2018-for-sale-khulna-division
389,https://bikroy.com/en/ad/tvs-stryker-sd-2021-for-sale-dhaka-1
390,https://bikroy.com/en/ad/runner-bolt-165r-maa-mttrs-2021-for-sale-sylhet-2
391,https://bikroy.com/en/ad/tvs-apache-rtr-sd-2014-for-sale-dhaka-21
392,https://bikroy.com/en/ad/freedom-royel-es-2015-for-sale-khulna-division
393,https://bikroy.com/en/ad/yamaha-fzs-2021-model-for-sale-khulna
394,https://bikroy.com/en/ad/tvs-apache-rtr-apachertr4v-2020-for-sale-dhaka
395,https://bikroy.com/en/ad/yamaha-fazer-2017-for-sale-dhaka-584
396,https://bikroy.com/en/ad/dayang-ad-80s-kgf-2022-for-sale-dhaka
397,https://bikroy.com/en/ad/hero-glamour-maa-mttrs-2017-for-sale-sylhet-6
398,https://bikroy.com/en/ad/yamaha-fzs-version-3-2019-for-sale-chattogram-11
399,https://bikroy.com/en/ad/runner-ad-80s-alloy-new-2022-for-sale-sylhet-1
400,https://bikroy.com/en/ad/bajaj-pulsar-maa-mttrs-2013-for-sale-sylhet-4
401,https://bikroy.com/en/ad/tvs-metro-plus-maa-mttrs-2019-for-sale-sylhet-2
402,https://bikroy.com/en/ad/suzuki-gsx-125-for-sale-mymensingh
403,https://bikroy.com/en/ad/bajaj-platina-110cc-2021-for-sale-dhaka
404,https://bikroy.com/en/ad/yamaha-fz-2-2021-for-sale-dhaka-division
405,https://bikroy.com/en/ad/bajaj-pulsar-2013-for-sale-dhaka-3146
406,https://bikroy.com/en/ad/regal-raptor-gtxl-sports-2021-for-sale-dhaka-2
407,https://bikroy.com/en/ad/yamaha-yb50-japan-1990-for-sale-barishal
408,https://bikroy.com/en/ad/honda-livo-2020-for-sale-dhaka-division-10
409,https://bikroy.com/en/ad/yamaha-fazer-ntun-er-mt-2012-for-sale-dhaka
410,https://bikroy.com/en/ad/tvs-apache-rtr-4v-x-connect-dd-2021-for-sale-dhaka-8
411,https://bikroy.com/en/ad/tvs-apache-rtr-ntun-er-mtdd-4v-2019-for-sale-dhaka
412,https://bikroy.com/en/ad/hero-glamour-2019-for-sale-dhaka-205
413,https://bikroy.com/en/ad/dayang-runner-other-model-trim-2007-for-sale-dhaka
414,https://bikroy.com/en/ad/yamaha-x-max-r15-indo-bhaarshn-2020-for-sale-dhaka-3
415,https://bikroy.com/en/ad/yamaha-x-max-r15-indo-super-fresh-2022-for-sale-dhaka
416,https://bikroy.com/en/ad/bajaj-chetak-ntuner-imej-1997-for-sale-dhaka
417,https://bikroy.com/en/ad/yamaha-x-max-r15-indo-version-2019-for-sale-dhaka-6
418,https://bikroy.com/en/ad/walton-xplore-2017-2012-for-sale-dhaka
419,https://bikroy.com/en/ad/tvs-radeon-110-laal-2020-for-sale-chattogram
420,https://bikroy.com/en/ad/tvs-metro-2018-for-sale-dhaka-951
421,https://bikroy.com/en/ad/hero-hunk-dd-all-must-new-2019-for-sale-dhaka-48
422,https://bikroy.com/en/ad/ktm-rc-125-2021-for-sale-dhaka-division
423,https://bikroy.com/en/ad/bajaj-ct-100-urjent-sell-2009-for-sale-rajshahi-division
424,https://bikroy.com/en/ad/tvs-apache-rtr-sd-all-must-new-2019-for-sale-dhaka-30
425,https://bikroy.com/en/ad/keeway-rks-v3-100cc-2018-for-sale-dhaka-5
426,https://bikroy.com/en/ad/tvs-apache-rtr-4v-new-abs-2021-for-sale-dhaka
427,https://bikroy.com/en/ad/suzuki-gixxer-dd-fi-abs-2020-for-sale-dhaka-2
428,https://bikroy.com/en/ad/hero-achiever-sohaa-mttrs-2018-for-sale-dhaka-division-1
429,https://bikroy.com/en/ad/hero-no-2020-for-sale-khulna-division
430,https://bikroy.com/en/ad/bajaj-pulsar-fresh-2010-for-sale-dhaka-8
431,https://bikroy.com/en/ad/roadmaster-rapido-ntun-er-mt-dd-cbs-2018-for-sale-dhaka
432,https://bikroy.com/en/ad/suzuki-gixxer-sf-2021-for-sale-dhaka-18
433,https://bikroy.com/en/ad/bajaj-pulsar-as-150-2016-for-sale-dhaka-division-3
434,https://bikroy.com/en/ad/yamaha-x-max-r15-indian-2020-for-sale-chattogram-1
435,https://bikroy.com/en/ad/singer-sm125-2010-for-sale-rajshahi
436,https://bikroy.com/en/ad/honda-trigger-2017-for-sale-dhaka-282
437,https://bikroy.com/en/ad/hero-splendor-ntun-er-mt-ismart-2018-for-sale-dhaka
438,https://bikroy.com/en/ad/suzuki-gixxer-gixcer-155cc-2019-for-sale-chattogram-division-1
439,https://bikroy.com/en/ad/tvs-stryker-sd-2017-for-sale-dhaka-2
440,https://bikroy.com/en/ad/tvs-stryker-125-c-2020-for-sale-mymensingh-division
441,https://bikroy.com/en/ad/tvs-radeon-110-tvs110cc-2021-for-sale-dhaka
442,https://bikroy.com/en/ad/yamaha-enticer-kt50-2008-for-sale-rajshahi-division
443,https://bikroy.com/en/ad/lml-selp-ssttaarttselect-2000-for-sale-dhaka
444,https://bikroy.com/en/ad/honda-hornet-ntun-er-mt-2019-for-sale-dhaka-5
445,https://bikroy.com/en/ad/yamaha-fzs-ntun-er-mt-2017-for-sale-dhaka
446,https://bikroy.com/en/ad/roadmaster-rapido-cbs-sf-modifi-dd-2019-for-sale-dhaka
447,https://bikroy.com/en/ad/honda-hornet-2019-for-sale-dhaka-414
448,https://bikroy.com/en/ad/lifan-kp-almost-fresh-bike-2017-for-sale-dhaka
449,https://bikroy.com/en/ad/suzuki-gixxer-ntun-er-mt-sf-2016-for-sale-dhaka
450,https://bikroy.com/en/ad/kagoj-10years-2005-for-sale-dhaka
451,https://bikroy.com/en/ad/bajaj-pulsar-2019-for-sale-sylhet-267
452,https://bikroy.com/en/ad/suzuki-gixxer-red-2019-for-sale-sylhet
453,https://bikroy.com/en/ad/suzuki-gixxer-black-2018-for-sale-dhaka-8
454,https://bikroy.com/en/ad/hero-passion-pro-red-2016-for-sale-sylhet-2
455,https://bikroy.com/en/ad/runner-knightrider-black-2019-for-sale-dhaka-1
456,https://bikroy.com/en/ad/bajaj-discover-new-model-2021-for-sale-sylhet
457,https://bikroy.com/en/ad/tvs-metro-fresh-condition-2016-for-sale-sylhet-10
458,https://bikroy.com/en/ad/bajaj-pulsar-fresh-condition-2018-for-sale-sylhet-20
459,https://bikroy.com/en/ad/suzuki-gixxer-sf-2021-for-sale-dhaka-18
460,https://bikroy.com/en/ad/honda-cbr-2019-for-sale-dhaka-103
461,https://bikroy.com/en/ad/yamaha-mt-15-abs-officeal-52-sire-2021-for-sale-dhaka
462,https://bikroy.com/en/ad/tvs-apache-rtr-4v-dd-avs-2021-for-sale-sylhet-9
463,https://bikroy.com/en/ad/bajaj-pulsar-fresh-condition-2021-for-sale-sylhet
464,https://bikroy.com/en/ad/suzuki-gixxer-sf-dd-2019-for-sale-sylhet-1
465,https://bikroy.com/en/ad/honda-hornet-2018-for-sale-dhaka-962
466,https://bikroy.com/en/ad/honda-livo-black-2021-for-sale-sylhet-1
467,https://bikroy.com/en/ad/suzuki-gixxer-fi-abs-bs6-2021-for-sale-dhaka-8
468,https://bikroy.com/en/ad/yamaha-x-max-r15-2018-for-sale-dhaka-21
469,https://bikroy.com/en/ad/bajaj-pulsar-model-14-2014-for-sale-dhaka
470,https://bikroy.com/en/ad/suzuki-hayate-125cc-2018-for-sale-chattogram
471,https://bikroy.com/en/ad/suzuki-gixxer-2019-for-sale-dhaka-477
472,https://bikroy.com/en/ad/mahindra-gusto-2017-for-sale-dhaka-154
473,https://bikroy.com/en/ad/honda-cdi-1983-for-sale-dhaka-division-1
474,https://bikroy.com/en/ad/bajaj-platina-salfe-strat-125-2011-for-sale-dhaka
475,https://bikroy.com/en/ad/honda-cd-80-2022-for-sale-chattogram-1
476,https://bikroy.com/en/ad/honda-dream-neo-2019-for-sale-dhaka-38
477,https://bikroy.com/en/ad/bajaj-pulsar-2020-2020-for-sale-dhaka-division-2
478,https://bikroy.com/en/ad/honda-2015-for-sale-dhaka-division-3
479,https://bikroy.com/en/ad/hero-hunk-2020-for-sale-dhaka-111
480,https://bikroy.com/en/ad/honda-cdi-red-1993-for-sale-dhaka-1
481,https://bikroy.com/en/ad/yamaha-fzs-v2-2018-for-sale-dhaka-133
482,https://bikroy.com/en/ad/tvs-apache-rtr-dd-all-must-new-2019-for-sale-dhaka-4
483,https://bikroy.com/en/ad/yamaha-fzs-v2-dd-allmost-new-2019-for-sale-dhaka
484,https://bikroy.com/en/ad/freedom-runner-2015-for-sale-khulna-21
485,https://bikroy.com/en/ad/haojin-2019-2019-for-sale-sylhet
486,https://bikroy.com/en/ad/yamaha-fazer-2019-for-sale-dhaka-111
487,https://bikroy.com/en/ad/runner-knightrider-v2-dd-2020-for-sale-dhaka-division
488,https://bikroy.com/en/ad/tvs-apache-rtr-racing-edition-2013-for-sale-chattogram-division
489,https://bikroy.com/en/ad/honda-cg125-red-colour-2002-for-sale-khulna-division
490,https://bikroy.com/en/ad/regal-raptor-pilder-2021-for-sale-dhaka
491,https://bikroy.com/en/ad/honda-cd-1-2022-for-sale-dhaka
492,https://bikroy.com/en/ad/honda-shine-phruk-mottrs-2009-for-sale-dhaka
493,https://bikroy.com/en/ad/yamaha-fzs-v3-fi-abs-dd-2019-for-sale-dhaka-4
494,https://bikroy.com/en/ad/hero-passion-2002-for-sale-dhaka-division-2
495,https://bikroy.com/en/ad/keeway-rk-125-v3-2018-for-sale-dhaka-1
496,https://bikroy.com/en/ad/hero-hf-deluxe-1st-2021-for-sale-rangpur-division
497,https://bikroy.com/en/ad/xingfu-cg-125-2016-for-sale-barishal-division
498,https://bikroy.com/en/ad/yamaha-fzs-v3-abs-bs6-dd-2019-for-sale-dhaka
499,https://bikroy.com/en/ad/yamaha-fzs-2013-for-sale-dhaka-1902
500,https://bikroy.com/en/ad/tvs-phoenix-phruk-mottrs-2015-for-sale-dhaka-1
501,https://bikroy.com/en/ad/tvs-apache-rtr-tvsapachertrallok-2017-for-sale-dhaka
502,https://bikroy.com/en/ad/walton-fusion-black-2016-for-sale-khulna-division
503,https://bikroy.com/en/ad/bajaj-pulsar-2015-for-sale-dhaka-1831
504,https://bikroy.com/en/ad/suzuki-gixxer-150-2016-for-sale-chattogram
505,https://bikroy.com/en/ad/yamaha-fzs-2021-for-sale-sylhet-division-2
506,https://bikroy.com/en/ad/tvs-apache-rtr-al-oke-2016-for-sale-dhaka-division
507,https://bikroy.com/en/ad/keeway-rk-125-rks-2018-for-sale-dhaka-2
508,https://bikroy.com/en/ad/tvs-apache-rtr-4v-abs-2021-for-sale-dhaka-20
509,https://bikroy.com/en/ad/aprilia-gpr-150-2020-for-sale-khulna-division
510,https://bikroy.com/en/ad/yamaha-x-max-r15-buy-bike-car-free-2021-for-sale-dhaka-division
511,https://bikroy.com/en/ad/yamaha-rx-100-1985-for-sale-dhaka-division-1
512,https://bikroy.com/en/ad/tvs-metro-amar-2021-for-sale-mymensingh-division
513,https://bikroy.com/en/ad/bajaj-pulsar-good-2017-for-sale-chattogram-division-1
514,https://bikroy.com/en/ad/yamaha-yzf-r15-ymaha-v3-2019-for-sale-dhaka
515,https://bikroy.com/en/ad/hero-splendor-2008-for-sale-dhaka-239
516,https://bikroy.com/en/ad/suzuki-gixxer-2020-for-sale-rajshahi-division-34
517,https://bikroy.com/en/ad/bajaj-pulsar-2020-for-sale-barishal-47
518,https://bikroy.com/en/ad/bajaj-pulsar-sd-all-must-new-2017-for-sale-dhaka
519,https://bikroy.com/en/ad/suzuki-gixxer-2-2019-for-sale-dhaka
520,https://bikroy.com/en/ad/tvs-apache-rtr-dd10-bchrer-kaagj-2014-for-sale-dhaka
521,https://bikroy.com/en/ad/lifan-kpr-2016-for-sale-chattogram-5
522,https://bikroy.com/en/ad/yamaha-fazer-2019-for-sale-barishal-4
523,https://bikroy.com/en/ad/hero-honda-2015-for-sale-khulna
524,https://bikroy.com/en/ad/tvs-apache-rtr-4v-dabol-disk-2020-for-sale-khulna-1
525,https://bikroy.com/en/ad/hero-glamour-red-2017-for-sale-chattogram-35
526,https://bikroy.com/en/ad/bajaj-pulsar-2014-for-sale-rangpur-87
527,https://bikroy.com/en/ad/tvs-xl-2018-for-sale-dhaka-161
528,https://bikroy.com/en/ad/suzuki-gixxer-sf-dd-black-2019-for-sale-dhaka-11
529,https://bikroy.com/en/ad/honda-cdi-3-1994-for-sale-dhaka
530,https://bikroy.com/en/ad/h-power-cherry-jg3-brake-fluid-2020-for-sale-dhaka-division
531,https://bikroy.com/en/ad/bajaj-discover-black-2018-for-sale-dhaka-26
532,https://bikroy.com/en/ad/rtr-bike-2017-for-sale-dhaka-division
533,https://bikroy.com/en/ad/bajaj-pulsar-good-2017-for-sale-chattogram-division-1
534,https://bikroy.com/en/ad/honda-dream-neo-110-cc-2018-for-sale-dhaka
535,https://bikroy.com/en/ad/tvs-metro-plus-2015-for-sale-dhaka-264
536,https://bikroy.com/en/ad/freedom-2002-for-sale-khulna
537,https://bikroy.com/en/ad/hero-glamour-2018-for-sale-rajshahi-19
538,https://bikroy.com/en/ad/bajaj-platina-2020-for-sale-dhaka-47
539,https://bikroy.com/en/ad/bajaj-pulsar-2019-for-sale-dhaka-714
540,https://bikroy.com/en/ad/honda-cg125-2007-for-sale-dhaka-109
541,https://bikroy.com/en/ad/sym-red-2019-for-sale-dhaka
542,https://bikroy.com/en/ad/keeway-cbs-150-dd-2020-for-sale-dhaka
543,https://bikroy.com/en/ad/freedom-runner-2017-for-sale-dhaka-division-4
544,https://bikroy.com/en/ad/tvs-apache-rtr-2011-for-sale-mymensingh-1
545,https://bikroy.com/en/ad/bajaj-boxer-ar-2009-for-sale-khulna-division
546,https://bikroy.com/en/ad/bajaj-discover-2012-for-sale-chattogram-135
547,https://bikroy.com/en/ad/hero-hunk-black-2010-for-sale-sylhet
548,https://bikroy.com/en/ad/bajaj-pulsar-ns160-2018-for-sale-dhaka-74
549,https://bikroy.com/en/ad/yamaha-yzf-r15-v3-indo-2021-for-sale-dhaka-16
550,https://bikroy.com/en/ad/yamaha-fzs-2015-for-sale-khulna-144
551,https://bikroy.com/en/ad/dayang-runner-other-model-2018-2017-for-sale-rajshahi-division
552,https://bikroy.com/en/ad/yamaha-fazer-bhaalo-2011-for-sale-dhaka-division
553,https://bikroy.com/en/ad/hero-splendor-plus-2008-for-sale-dhaka-6
554,https://bikroy.com/en/ad/tvs-apache-rtr-2022-for-sale-rangpur-division
555,https://bikroy.com/en/ad/knight-rider-2018-for-sale-dhaka
556,https://bikroy.com/en/ad/prigm-1990-for-sale-sylhet
557,https://bikroy.com/en/ad/suzuki-gsx-2020-for-sale-chattogram-1
558,https://bikroy.com/en/ad/hero-glamour-2010-for-sale-dhaka-division-10
559,https://bikroy.com/en/ad/lifan-kp-akdom-freas-2019-for-sale-chattogram-division
560,https://bikroy.com/en/ad/bajaj-avenger-150-street-2018-for-sale-chattogram-137
561,https://bikroy.com/en/ad/runner-bullet-bullat-100-2018-for-sale-dhaka
562,https://bikroy.com/en/ad/bajaj-avenger-150-street-2020-for-sale-khulna-division-1
563,https://bikroy.com/en/ad/freedom-16-2016-for-sale-khulna
564,https://bikroy.com/en/ad/bajaj-pulsar-ek-daam-2010-for-sale-dhaka-division-2
565,https://bikroy.com/en/ad/suzuki-gixxer-fi-abs-2020-for-sale-dhaka-103
566,https://bikroy.com/en/ad/honda-cbr-indo-version-2019-for-sale-dhaka
567,https://bikroy.com/en/ad/suzuki-gixxer-2018-for-sale-chattogram-160
568,https://bikroy.com/en/ad/bajaj-discover-2017-2011-for-sale-dhaka
569,https://bikroy.com/en/ad/tvs-radeon-110-phul-phresh-2021-for-sale-dhaka-1
570,https://bikroy.com/en/ad/bajaj-pulsar-2012-for-sale-dhaka-4239
571,https://bikroy.com/en/ad/honda-trigger-2017-for-sale-barishal-division-2
572,https://bikroy.com/en/ad/znen-t9-2018-for-sale-dhaka-26
573,https://bikroy.com/en/ad/yamaha-saluto-125-new-model-2019-for-sale-dhaka
574,https://bikroy.com/en/ad/bajaj-pulsar-2013-for-sale-sylhet-1399
575,https://bikroy.com/en/ad/vespa-sxl-125-2020-for-sale-dhaka-1
576,https://bikroy.com/en/ad/yamaha-fzs-2017-for-sale-sylhet-45
577,https://bikroy.com/en/ad/suzuki-gixxer-bike-2017-for-sale-dhaka-7
578,https://bikroy.com/en/ad/hero-hunk-2013-for-sale-dhaka-812
579,https://bikroy.com/en/ad/suzuki-intruder-eddishn-2019-for-sale-chattogram-division
580,https://bikroy.com/en/ad/motrac-m2-2022-for-sale-dhaka
581,https://bikroy.com/en/ad/tvs-apache-rtr-160-2018-for-sale-dhaka-125
582,https://bikroy.com/en/ad/suzuki-gixxer-2018-for-sale-barishal-69
583,https://bikroy.com/en/ad/tvs-apache-rtr-old-model-2011-for-sale-chattogram-division
584,https://bikroy.com/en/ad/tvs-apache-rtr-4v-2020-for-sale-khulna-division-36
585,https://bikroy.com/en/ad/apache-rtr-160-new-2021-for-sale-khulna-division
586,https://bikroy.com/en/ad/hero-hunk-2011-for-sale-dhaka-958
587,https://bikroy.com/en/ad/yamaha-fzs-2017-for-sale-sylhet-44
588,https://bikroy.com/en/ad/bajaj-discover-2016-for-sale-dhaka-division-202
589,https://bikroy.com/en/ad/tvs-apache-rtr-2020-for-sale-dhaka-510
590,https://bikroy.com/en/ad/dayang-runner-dy100-2016-for-sale-rangpur-1
591,https://bikroy.com/en/ad/runner-bullet-raner-2018-for-sale-dhaka
592,https://bikroy.com/en/ad/hero-pleasure-2015-for-sale-dhaka-1
593,https://bikroy.com/en/ad/yamaha-2020-for-sale-dhaka-28
594,https://bikroy.com/en/ad/suzuki-gsx-2020-for-sale-chattogram-1
595,https://bikroy.com/en/ad/honda-cbr-2019-for-sale-dhaka-103
596,https://bikroy.com/en/ad/runner-bike-rt-2018-for-sale-dhaka-326
597,https://bikroy.com/en/ad/victor-r-classic-100-2022-for-sale-rajshahi
598,https://bikroy.com/en/ad/bajaj-pulsar-ls135-2011-for-sale-dhaka
599,https://bikroy.com/en/ad/bajaj-pulsar-fresh-2015-for-sale-dhaka-11
600,https://bikroy.com/en/ad/yamaha-fazer-2022-for-sale-rajshahi
601,https://bikroy.com/en/ad/bajaj-pulsar-pulser-135-2012-for-sale-dhaka
602,https://bikroy.com/en/ad/yamaha-iyaamaahaa-eskrtts-1996-for-sale-khulna
603,https://bikroy.com/en/ad/suzuki-gixxer-2017-for-sale-sylhet-331
604,https://bikroy.com/en/ad/hero-hunk-2019-er-model-for-sale-dhaka-1
605,https://bikroy.com/en/ad/yamaha-fzs-v2-2019-for-sale-sylhet-division
606,https://bikroy.com/en/ad/bajaj-pulsar-twin-disk-2018-for-sale-barishal
607,https://bikroy.com/en/ad/tvs-metro-2020-for-sale-rangpur-1
608,https://bikroy.com/en/ad/tvs-metro-metroplus-110cc-2021-for-sale-dhaka
609,https://bikroy.com/en/ad/bajaj-v15-2017-for-sale-sylhet-160
610,https://bikroy.com/en/ad/tvs-stryker-2019-for-sale-dhaka-539
611,https://bikroy.com/en/ad/tvs-apache-rtr-2016-for-sale-chattogram-division-110
612,https://bikroy.com/en/ad/tvs-metro-plus-phul-phresh-2018-for-sale-dhaka
613,https://bikroy.com/en/ad/hero-hunk-army-sd-2018-for-sale-dhaka-1
614,https://bikroy.com/en/ad/honda-livo-uesd-2018-for-sale-dhaka-division
615,https://bikroy.com/en/ad/walton-fx100-2010-for-sale-barishal
616,https://bikroy.com/en/ad/tvs-apache-rtr-2012-for-sale-dhaka-division-241
617,https://bikroy.com/en/ad/bajaj-ct-100-2015-for-sale-khulna-49
618,https://bikroy.com/en/ad/yamaha-fz-1-2018-for-sale-chattogram
619,https://bikroy.com/en/ad/tvs-apache-rtr-4v-x-connect-dd-2021-for-sale-dhaka-7
620,https://bikroy.com/en/ad/yamaha-m-slaz-very-smart-2016-for-sale-sylhet-1
621,https://bikroy.com/en/ad/yamaha-very-smart-2019-for-sale-sylhet-1
622,https://bikroy.com/en/ad/yamaha-fazer-2019-for-sale-dhaka-111
623,https://bikroy.com/en/ad/yamaha-rx-modified-1999-for-sale-dhaka-division
624,https://bikroy.com/en/ad/yamaha-yzf-r15-phresh-indoneshiyaa-2021-for-sale-dhaka
625,https://bikroy.com/en/ad/yamaha-yzf-r15-2019-20-official-2019-for-sale-dhaka
626,https://bikroy.com/en/ad/yamaha-fzs-fi-special-edition-2018-for-sale-dhaka
627,https://bikroy.com/en/ad/hero-cbz-xtrem-2014-for-sale-sylhet-20
628,https://bikroy.com/en/ad/hero-glamour-2013-for-sale-sylhet-47
629,https://bikroy.com/en/ad/hero-hf-deluxe-2018-for-sale-khulna-division-35
630,https://bikroy.com/en/ad/yamaha-rx-2002-for-sale-sylhet-321
631,https://bikroy.com/en/ad/hero-thriller-fi-abs-2021-for-sale-dhaka-6
632,https://bikroy.com/en/ad/hero-glamour-2018-for-sale-sylhet-280
633,https://bikroy.com/en/ad/yamaha-alpha-gladiator-2009-2010-for-sale-rajshahi-division
634,https://bikroy.com/en/ad/yamaha-monster-energy-thai-2021-for-sale-dhaka
635,https://bikroy.com/en/ad/tvs-apache-rtr-4v-2020-for-sale-khulna-120
636,https://bikroy.com/en/ad/tvs-apache-rtr-good-condition-red-2019-for-sale-dhaka
637,https://bikroy.com/en/ad/bajaj-pulsar-sd-good-condition-2017-for-sale-dhaka-1
638,https://bikroy.com/en/ad/yamaha-saluto-almost-new-condition-2021-for-sale-dhaka
639,https://bikroy.com/en/ad/runner-royal-plus-110-on-test-2020-for-sale-dhaka
640,https://bikroy.com/en/ad/yamaha-r15-v2-fi-2017-for-sale-dhaka
641,https://bikroy.com/en/ad/tvs-apache-rtr-anek-bhaalo-ektti-gaarri-2020-for-sale-khulna
642,https://bikroy.com/en/ad/yamaha-indo-r15-v3-cbu-2021-for-sale-dhaka
643,https://bikroy.com/en/ad/hero-hf-deluxe-rejissttreshn-phrii-2-2021-for-sale-dhaka-2
644,https://bikroy.com/en/ad/bajaj-pulsar-well-conditions-2015-for-sale-chattogram
645,https://bikroy.com/en/ad/yamaha-fzs-v3ddabsfifresh-2020-for-sale-dhaka-23
646,https://bikroy.com/en/ad/yamaha-fazer-fresh-condition-bike-2018-for-sale-dhaka
647,https://bikroy.com/en/ad/hero-hunk-rejissttreshn-phrii-2-2021-for-sale-dhaka-2
648,https://bikroy.com/en/ad/hero-glamour-good-condition-2010-for-sale-dhaka-1
649,https://bikroy.com/en/ad/honda-cg125-2007-for-sale-dhaka-109
650,https://bikroy.com/en/ad/suzuki-gixxer-sfddabsfion-test-2021-for-sale-dhaka-26
651,https://bikroy.com/en/ad/hero-hunk-newddabson-test-2021-for-sale-dhaka
652,https://bikroy.com/en/ad/honda-x-blade-sdfullfresh-2020-for-sale-dhaka-1
653,https://bikroy.com/en/ad/yamaha-fzs-fiv2dd10yearreg-2019-for-sale-dhaka-50
654,https://bikroy.com/en/ad/tvs-apache-rtr-4v-2020-for-sale-khulna-119
655,https://bikroy.com/en/ad/honda-livo-2018-for-sale-dhaka-596
656,https://bikroy.com/en/ad/yamaha-fazer-2015-for-sale-dhaka-1341
657,https://bikroy.com/en/ad/tvs-sport-2011-for-sale-sylhet-3
658,https://bikroy.com/en/ad/bajaj-pulsar-150-dd-2019-for-sale-dhaka-16
659,https://bikroy.com/en/ad/bajaj-discover-10-year-tex-2014-for-sale-dhaka
660,https://bikroy.com/en/ad/hero-splendor-pro-10-year-tex-2014-for-sale-dhaka-1
661,https://bikroy.com/en/ad/hero-achiever-150-2018-for-sale-dhaka-11
662,https://bikroy.com/en/ad/bajaj-pulsar-150-dd-2019-for-sale-dhaka-15
663,https://bikroy.com/en/ad/hero-hunk-150-dd-2018-for-sale-dhaka-10
664,https://bikroy.com/en/ad/tvs-apache-rtr-phul-phresh-2017-for-sale-dhaka-25
665,https://bikroy.com/en/ad/tvs-apache-rtr-2017-for-sale-dhaka-1997
666,https://bikroy.com/en/ad/honda-hornet-cbs-brakc-2dix-2021-for-sale-dhaka
667,https://bikroy.com/en/ad/yamaha-fazer-v2-red-2018-for-sale-khulna-division
668,https://bikroy.com/en/ad/lml-vespa-t5-1992-for-sale-dhaka-4
669,https://bikroy.com/en/ad/hero-hunk-double-disk-matt-2020-for-sale-khulna-division
670,https://bikroy.com/en/ad/honda-h100s-old-version-1986-for-sale-dhaka-division
671,https://bikroy.com/en/ad/suzuki-hayate-2019-for-sale-dhaka-115
672,https://bikroy.com/en/ad/suzuki-gsx-r-abs-2021-for-sale-khulna-division
673,https://bikroy.com/en/ad/lml-vespa-t5-1992-for-sale-dhaka-3
674,https://bikroy.com/en/ad/tvs-apache-4v-dd-2019-for-sale-dhaka-5
675,https://bikroy.com/en/ad/tvs-apache-rtr-2016-for-sale-khulna-277
676,https://bikroy.com/en/ad/ktm-rc-125-2021-for-sale-dhaka-division
677,https://bikroy.com/en/ad/yamaha-fazer-2018-for-sale-dhaka-368
678,https://bikroy.com/en/ad/suzuki-gixxer-2016-for-sale-mymensingh-13
679,https://bikroy.com/en/ad/tvs-apache-rtr-ddaabl-ddiks-2021-for-sale-chattogram-division
680,https://bikroy.com/en/ad/bajaj-pulsar-2013-for-sale-dhaka-division-491
681,https://bikroy.com/en/ad/bajaj-avenger-150-street-palsar-2012-for-sale-dhaka-division
682,https://bikroy.com/en/ad/walton-xplore-2017-black-for-sale-dhaka
683,https://bikroy.com/en/ad/bajaj-pulsar-twin-disk-2020-for-sale-rangpur-division
684,https://bikroy.com/en/ad/tvs-apache-rtr-fresh-2018-for-sale-dhaka-division-1
685,https://bikroy.com/en/ad/suzuki-gixxer-dd-10-year-tex-2018-for-sale-dhaka-5
686,https://bikroy.com/en/ad/suzuki-gixxer-sf-fi-abs-2020-for-sale-dhaka-124
687,https://bikroy.com/en/ad/bajaj-pulsar-ns-160-dd-2020-for-sale-dhaka-43
688,https://bikroy.com/en/ad/bajaj-pulsar-dd-150-2020-for-sale-dhaka
689,https://bikroy.com/en/ad/tvs-apache-rtr-4v-dd-160-2019-for-sale-dhaka-8
690,https://bikroy.com/en/ad/yamaha-2000-for-sale-rajshahi-1
691,https://bikroy.com/en/ad/yamaha-x-max-r15-indonesian-2020-for-sale-dhaka
692,https://bikroy.com/en/ad/bajaj-pulsar-ns-160-dd-fi-abs-2020-for-sale-dhaka-7
693,https://bikroy.com/en/ad/tvs-apache-rtr-150-10-year-tex-2015-for-sale-dhaka
694,https://bikroy.com/en/ad/roadmaster-rapido-on-test-naambaar-sh-2019-for-sale-dhaka
695,https://bikroy.com/en/ad/suzuki-gixxer-1-2022-for-sale-dhaka
696,https://bikroy.com/en/ad/yamaha-fazer-2019-for-sale-dhaka-111
697,https://bikroy.com/en/ad/runner-ad-80s-2017-for-sale-dhaka-5
698,https://bikroy.com/en/ad/hero-hunk-double-disk-2020-for-sale-khulna-6
699,https://bikroy.com/en/ad/dayang-runner-other-model-2017-for-sale-sylhet-division
700,https://bikroy.com/en/ad/bajaj-avenger-150-street-new-2021-for-sale-dhaka
701,https://bikroy.com/en/ad/yamaha-fazer-2014-for-sale-dhaka-1629
702,https://bikroy.com/en/ad/bajaj-pulsar-2019-for-sale-chattogram-division-103
703,https://bikroy.com/en/ad/lml-vespa-t5-1992-for-sale-dhaka-3
704,https://bikroy.com/en/ad/tvs-apache-rtr-4v-160-2021-for-sale-dhaka
705,https://bikroy.com/en/ad/suzuki-gixxer-sf-2021-for-sale-dhaka-18
706,https://bikroy.com/en/ad/hero-splendor-nxg-2008-for-sale-sylhet
707,https://bikroy.com/en/ad/runner-turbo-125-eddishn-2021-for-sale-chattogram-division
708,https://bikroy.com/en/ad/bajaj-pulsar-2013-for-sale-dhaka-3148
709,https://bikroy.com/en/ad/yamaha-yzf-r15-v3-2021-for-sale-dhaka-51
710,https://bikroy.com/en/ad/lifan-kpr-carburetor-2021-for-sale-dhaka
711,https://bikroy.com/en/ad/tvs-apache-rtr-grey-2017-for-sale-khulna
712,https://bikroy.com/en/ad/hero-glamour-120-2020-for-sale-dhaka
713,https://bikroy.com/en/ad/dayun-roebuck-125cc-sprout-2020-for-sale-rangpur-division
714,https://bikroy.com/en/ad/yamaha-saluto-125-2007-for-sale-dhaka
715,https://bikroy.com/en/ad/yamaha-x-max-r15-v3-indo-official-2019-for-sale-khulna-2
716,https://bikroy.com/en/ad/bajaj-ct-100-2006-for-sale-barishal
717,https://bikroy.com/en/ad/yamaha-fzs-v2-fire-red-2018-for-sale-khulna
718,https://bikroy.com/en/ad/hero-glamour-disk-break-2019-for-sale-khulna-1
719,https://bikroy.com/en/ad/bajaj-pulsar-as-2016-for-sale-khulna-5
720,https://bikroy.com/en/ad/honda-dream-neo-2018-for-sale-dhaka-87
721,https://bikroy.com/en/ad/tvs-apache-rtr-2017-for-sale-dhaka-1996
722,https://bikroy.com/en/ad/tvs-apache-rtr-4v-dd-2019-for-sale-dhaka-353
723,https://bikroy.com/en/ad/tvs-apachi-4v-2019-for-sale-dhaka-1
724,https://bikroy.com/en/ad/tvs-metro-plus-disk-break-2021-for-sale-khulna
725,https://bikroy.com/en/ad/suzuki-hayate-black-2019-for-sale-khulna
726,https://bikroy.com/en/ad/walton-a-2002-for-sale-dhaka-division
727,https://bikroy.com/en/ad/bajaj-pulsar-sd-2012-for-sale-dhaka-84
728,https://bikroy.com/en/ad/honda-dio-2019-for-sale-dhaka-21
729,https://bikroy.com/en/ad/dayun-plight-110cc-16-2016-for-sale-dhaka
730,https://bikroy.com/en/ad/bajaj-pulsar-2019-for-sale-dhaka-713
731,https://bikroy.com/en/ad/dayang-runner-ad100-2022-for-sale-dhaka
732,https://bikroy.com/en/ad/yamaha-fz-baaik-2013-for-sale-dhaka
733,https://bikroy.com/en/ad/bajaj-pulsar-model-2016-for-sale-chattogram
734,https://bikroy.com/en/ad/h-power-zaara-100-2018-for-sale-dhaka-division-1
735,https://bikroy.com/en/ad/tvs-metro-a-2017-for-sale-dhaka
736,https://bikroy.com/en/ad/yamaha-rx-rx100-1995-for-sale-chattogram-division
737,https://bikroy.com/en/ad/bajaj-platina-2015-for-sale-khulna-49
738,https://bikroy.com/en/ad/hero-xtreme-sports-gaarri-bikri-hbe-2021-for-sale-khulna
739,https://bikroy.com/en/ad/yamaha-fz-redd-kaalaar-2013-for-sale-khulna
740,https://bikroy.com/en/ad/yamaha-fzs-v2-2018-for-sale-khulna-78
741,https://bikroy.com/en/ad/regal-raptor-pilder-efi-cruiser-2021-for-sale-dhaka
742,https://bikroy.com/en/ad/suzuki-bandit-abs-2020-for-sale-dhaka
743,https://bikroy.com/en/ad/walton-fusion-baaiktti-bikri-hbe-2015-for-sale-chattogram-division
744,https://bikroy.com/en/ad/bajaj-boxer-ar-2008-for-sale-rangpur
745,https://bikroy.com/en/ad/keeway-rk-125-2019-for-sale-dhaka-36
746,https://bikroy.com/en/ad/hero-cbz-xtrem-fresh-bike-2007-for-sale-khulna
747,https://bikroy.com/en/ad/honda-hornet-sell-hobbs-2021-for-sale-khulna-division
748,https://bikroy.com/en/ad/yamaha-dhoom-2015-for-sale-rajshahi-division
749,https://bikroy.com/en/ad/haojue-tr-2018-for-sale-barishal-3
750,https://bikroy.com/en/ad/yamaha-fazer-2016-for-sale-dhaka-331
751,https://bikroy.com/en/ad/bajaj-boxer-2011-for-sale-rajshahi-division-1
752,https://bikroy.com/en/ad/tvs-apache-rtr-balo-2018-for-sale-chattogram-division
753,https://bikroy.com/en/ad/suzuki-gixxer-black-2021-for-sale-chattogram
754,https://bikroy.com/en/ad/tvs-apache-rtr-jaani-naa-2020-for-sale-dhaka-division-1
755,https://bikroy.com/en/ad/bajaj-discover-2014-model-for-sale-dhaka
756,https://bikroy.com/en/ad/bajaj-discover-110-cbs-2020-for-sale-dhaka-1
757,https://bikroy.com/en/ad/honda-hornet-black-2018-for-sale-khulna-1
758,https://bikroy.com/en/ad/znen-t9-t-9-red-2020-for-sale-dhaka
759,https://bikroy.com/en/ad/hero-cbz-xtrem-2016-for-sale-mymensingh-1
760,https://bikroy.com/en/ad/walton-cruize-o-2012-for-sale-dhaka-division
761,https://bikroy.com/en/ad/hero-cbz-xtrem-cvz-2009-for-sale-dhaka
762,https://bikroy.com/en/ad/honda-cg125-akdom-fresh-2001-for-sale-rajshahi
763,https://bikroy.com/en/ad/yamaha-yzf-r15-v2-2015-for-sale-khulna-division
764,https://bikroy.com/en/ad/dayang-runner-other-model-2019-for-sale-chattogram
765,https://bikroy.com/en/ad/suzuki-gixxer-dd-2020-for-sale-chattogram-2
766,https://bikroy.com/en/ad/yamaha-enticer-red-2007-for-sale-dhaka
767,https://bikroy.com/en/ad/bajaj-ct-100-100-siso-2017-for-sale-barishal
768,https://bikroy.com/en/ad/mahindra-centuro-2018-for-sale-dhaka-81
769,https://bikroy.com/en/ad/tvs-apache-rtr-2020-for-sale-sylhet-55
770,https://bikroy.com/en/ad/yamaha-fazer-2014-for-sale-dhaka-division-131
771,https://bikroy.com/en/ad/zaara-2014-for-sale-mymensingh-3
772,https://bikroy.com/en/ad/butterfly-kgf-ls-2013-for-sale-dhaka-division
773,https://bikroy.com/en/ad/tvs-apache-rtr-2020-for-sale-sylhet-54
774,https://bikroy.com/en/ad/tvs-victor-110cc-2010-for-sale-khulna
775,https://bikroy.com/en/ad/tvs-metro-110-2018-for-sale-dhaka-division
776,https://bikroy.com/en/ad/bajaj-discover-100-5-gear-2012-for-sale-dhaka-2
777,https://bikroy.com/en/ad/tvs-stryker-noun-2019-for-sale-khulna
778,https://bikroy.com/en/ad/hero-dawn-2012-for-sale-sylhet-division-1
779,https://bikroy.com/en/ad/bajaj-pulsar-paalsaar-nion-2020-2020-for-sale-khulna
780,https://bikroy.com/en/ad/walton-fusion-1-2015-for-sale-chattogram-division
781,https://bikroy.com/en/ad/tvs-apache-rtr-2v-2017-for-sale-chattogram-1
782,https://bikroy.com/en/ad/yamaha-rx-2021-2021-for-sale-khulna-division
783,https://bikroy.com/en/ad/bajaj-pulsar-double-disk-2022-for-sale-khulna
784,https://bikroy.com/en/ad/freedom-runner-2015-mddel-2015-for-sale-dhaka
785,https://bikroy.com/en/ad/victor-r-v100link-victor-r-100-2017-for-sale-khulna
786,https://bikroy.com/en/ad/honda-hornet-2019-for-sale-barishal-division-2
787,https://bikroy.com/en/ad/walton-fusion-110ex-2013-for-sale-dhaka-division
788,https://bikroy.com/en/ad/bajaj-boxer-india-2004-for-sale-dhaka
789,https://bikroy.com/en/ad/hero-ignitor-igniter-2018-for-sale-chattogram
790,https://bikroy.com/en/ad/yamaha-fazer-2018-2019-for-sale-dhaka-3
791,https://bikroy.com/en/ad/bajaj-pulsar-phresh-knddishn-2017-for-sale-khulna-division-1
792,https://bikroy.com/en/ad/hero-achiever-2019-for-sale-chattogram-division-6
793,https://bikroy.com/en/ad/suzuki-lets-lets-2018-for-sale-dhaka-3
794,https://bikroy.com/en/ad/suzuki-gixxer-2017-2018-for-sale-dhaka-7
795,https://bikroy.com/en/ad/suzuki-gixxer-9-2020-for-sale-dhaka
796,https://bikroy.com/en/ad/lifan-100-cc-2022-for-sale-mymensingh
797,https://bikroy.com/en/ad/walton-cruize-1-2011-for-sale-dhaka-division
798,https://bikroy.com/en/ad/yamaha-yzf-r15-v3-2020-for-sale-dhaka-106
799,https://bikroy.com/en/ad/dayun-apollo-dayang-100-cc-2022-for-sale-mymensingh
800,https://bikroy.com/en/ad/beetle-bolt-corbet-fresh-2019-for-sale-dhaka
801,https://bikroy.com/en/ad/bajaj-pulsar-pulsar150-2014-for-sale-dhaka-1
802,https://bikroy.com/en/ad/tvs-stryker-125-1-dix-2019-for-sale-khulna
803,https://bikroy.com/en/ad/kinlon-bike-2005-for-sale-sylhet-division
804,https://bikroy.com/en/ad/hero-splendor-fresh-2010-for-sale-dhaka-division
805,https://bikroy.com/en/ad/mahindra-centuro-1-2020-for-sale-dhaka
806,https://bikroy.com/en/ad/tvs-apache-rtr-4v-refresh-2yrpaper-2021-for-sale-sylhet-3
807,https://bikroy.com/en/ad/bajaj-pulsar-2014-for-sale-dhaka-2543
808,https://bikroy.com/en/ad/tvs-apache-rtr-4v-sd-2yr-paper-2020-for-sale-sylhet-2
809,https://bikroy.com/en/ad/tvs-ekadam-fresh-2013-for-sale-chattogram-division
810,https://bikroy.com/en/ad/suzuki-gixxer-sf2021-2021-for-sale-khulna
811,https://bikroy.com/en/ad/bajaj-discover-100-2016-for-sale-khulna-division-8
812,https://bikroy.com/en/ad/tvs-apache-rtr-160-1-dix-2019-for-sale-khulna-1
813,https://bikroy.com/en/ad/yamaha-fazer-v1-2015-for-sale-khulna-2
814,https://bikroy.com/en/ad/bajaj-pulsar-2011-for-sale-chattogram-422
815,https://bikroy.com/en/ad/yamaha-fzs-v2-dd-on-test-2020-for-sale-sylhet-15
816,https://bikroy.com/en/ad/hero-hunk-dobol-disc-2020-for-sale-barishal-2
817,https://bikroy.com/en/ad/yamaha-rx100-1982-for-sale-khulna-division
818,https://bikroy.com/en/ad/bajaj-discover-2015-for-sale-dhaka-division-234
819,https://bikroy.com/en/ad/honda-hornet-2021-for-sale-dhaka-40
820,https://bikroy.com/en/ad/emma-hs-tele-60-yaayy-phresh-2012-for-sale-khulna
821,https://bikroy.com/en/ad/bajaj-pulsar-dd-2019-for-sale-dhaka-division-14
822,https://bikroy.com/en/ad/bajaj-pulsar-blue-2019-for-sale-chattogram-2
823,https://bikroy.com/en/ad/keeway-rks125-2017-for-sale-dhaka
824,https://bikroy.com/en/ad/yamaha-khubi-valomaner-gari-1996-for-sale-dhaka
825,https://bikroy.com/en/ad/mahindra-gusto-4-2019-for-sale-sylhet-division
826,https://bikroy.com/en/ad/yamaha-fzs-v3-dual-disk-2020-for-sale-rangpur
827,https://bikroy.com/en/ad/tvs-apache-rtr-ekdm-phresh-2013-for-sale-dhaka-division
828,https://bikroy.com/en/ad/tvs-apache-rtr-160-2v-370km-2020-for-sale-dhaka
829,https://bikroy.com/en/ad/suzuki-gixxer-ddaabl-ddiks-2018-for-sale-dhaka-division
830,https://bikroy.com/en/ad/roadmaster-rapido-aan-ttaarc-2018-for-sale-dhaka-division
831,https://bikroy.com/en/ad/tvs-metro-2017-for-sale-rajshahi-division-17
832,https://bikroy.com/en/ad/bajaj-discover-supaar-2013-for-sale-dhaka-division
833,https://bikroy.com/en/ad/bajaj-discover-supaar-phresh-2014-for-sale-dhaka-division
834,https://bikroy.com/en/ad/bajaj-discover-red-2020-for-sale-rangpur-division
835,https://bikroy.com/en/ad/tvs-stryker-2021-for-sale-rangpur-division-7
836,https://bikroy.com/en/ad/bajaj-pulsar-singgel-ddiks-2021-for-sale-rangpur-division-1
837,https://bikroy.com/en/ad/suzuki-gixxer-sf2021-2021-for-sale-khulna
838,https://bikroy.com/en/ad/bajaj-discover-100-2016-for-sale-khulna-division-8
839,https://bikroy.com/en/ad/yamaha-libero-iyyaahaamaa-2009-for-sale-rangpur
840,https://bikroy.com/en/ad/bajaj-avenger-150-street-paalsaar-2011-for-sale-barishal
841,https://bikroy.com/en/ad/suzuki-gixxer-singgel-ddiks-2020-for-sale-rangpur-division
842,https://bikroy.com/en/ad/yamaha-rx-100-cc-2003-for-sale-sylhet
843,https://bikroy.com/en/ad/bajaj-avenger-150-street-bike-2019-for-sale-dhaka
844,https://bikroy.com/en/ad/walton-2022-2018-for-sale-khulna
845,https://bikroy.com/en/ad/honda-cbr-indonesia-2020-for-sale-dhaka-1
846,https://bikroy.com/en/ad/bajaj-pulsar-10yr-paper-2015-for-sale-sylhet-8
847,https://bikroy.com/en/ad/yamaha-fzs-v1-10yr-paper-2013-for-sale-sylhet-8
848,https://bikroy.com/en/ad/yamaha-fzs-good-2020-for-sale-dhaka
849,https://bikroy.com/en/ad/hero-passion-pro-2012-2012-for-sale-dhaka
850,https://bikroy.com/en/ad/bajaj-pulsar-as-2017-for-sale-dhaka-303
851,https://bikroy.com/en/ad/yamaha-rx-100-1990-for-sale-khulna-division
852,https://bikroy.com/en/ad/hero-fi-abs-dd-2yr-papar-2021-for-sale-sylhet
853,https://bikroy.com/en/ad/suzuki-gixxer-blue-2019-for-sale-sylhet
854,https://bikroy.com/en/ad/bajaj-discover-discovere-100-cc-2015-for-sale-dhaka-division
855,https://bikroy.com/en/ad/tvs-apache-rtr-double-disk-2017-for-sale-khulna-division
856,https://bikroy.com/en/ad/hero-hunk-2018-for-sale-dhaka-1381
857,https://bikroy.com/en/ad/suzuki-gixxer-2017-for-sale-sylhet-330
858,https://bikroy.com/en/ad/bajaj-pulsar-dd-on-test-2020-for-sale-sylhet-15
859,https://bikroy.com/en/ad/walton-prizm-r-2004-for-sale-chattogram-division
860,https://bikroy.com/en/ad/dayang-dy-100-1-2015-for-sale-khulna
861,https://bikroy.com/en/ad/tvs-radeon-110-on-test-2020-for-sale-sylhet-10
862,https://bikroy.com/en/ad/bajaj-discover-2yr-paper-2015-for-sale-sylhet-1
863,https://bikroy.com/en/ad/yamaha-saluto-125-10yr-paper-2019-for-sale-sylhet-8
864,https://bikroy.com/en/ad/h-power-cherry-jg3-brake-fluid-2020-for-sale-dhaka-division
865,https://bikroy.com/en/ad/bajaj-pulsar-2019-for-sale-chattogram-division-103
866,https://bikroy.com/en/ad/hero-glamour-2019-for-sale-sylhet-310
867,https://bikroy.com/en/ad/hero-glamour-2yr-paper-2018-for-sale-sylhet-18
868,https://bikroy.com/en/ad/hero-ignitor-2yr-paper-2020-for-sale-sylhet
869,https://bikroy.com/en/ad/dayang-dy-125-2007-for-sale-khulna-5
870,https://bikroy.com/en/ad/hero-passion-x-pro-2yr-paper-2020-for-sale-sylhet-11
871,https://bikroy.com/en/ad/suzuki-gixxer-2017-for-sale-dhaka-1510
872,https://bikroy.com/en/ad/runner-deluxe-2021-for-sale-khulna-10
873,https://bikroy.com/en/ad/tvs-metro-elx-2020-for-sale-chattogram
874,https://bikroy.com/en/ad/benelli-tnt-150-2019-for-sale-dhaka-division-2
875,https://bikroy.com/en/ad/bajaj-pulsar-snskrt-2020-for-sale-chattogram
876,https://bikroy.com/en/ad/honda-hornet-special-2019-for-sale-chattogram
877,https://bikroy.com/en/ad/honda-x-blade-new-2021-for-sale-khulna-5
878,https://bikroy.com/en/ad/bajaj-pulsar-ug4-four-colour-2014-for-sale-chattogram
879,https://bikroy.com/en/ad/yamaha-fzs-v3-almost-fresh-bike-2019-for-sale-dhaka
880,https://bikroy.com/en/ad/walton-fusion-full-frees-2011-for-sale-dhaka
881,https://bikroy.com/en/ad/honda-trigger-2017-for-sale-dhaka-division-10
882,https://bikroy.com/en/ad/bajaj-pulsar-good-2005-for-sale-dhaka
883,https://bikroy.com/en/ad/bajaj-avenger-150-street-ns-160-2020-for-sale-rangpur-division
884,https://bikroy.com/en/ad/bajaj-pulsar-modified-2018-for-sale-rajshahi-division
885,https://bikroy.com/en/ad/hero-hunk-2019-2021-for-sale-dhaka-1
886,https://bikroy.com/en/ad/h-power-max-z-max-z150-2022-for-sale-dhaka
887,https://bikroy.com/en/ad/dayun-dy-125cc-2021-for-sale-rangpur-division
888,https://bikroy.com/en/ad/tvs-apache-rtr-4v-2020-for-sale-dhaka-259
889,https://bikroy.com/en/ad/yamaha-fzs-2021-for-sale-rajshahi-division-7
890,https://bikroy.com/en/ad/honda-airwave-good-2012-for-sale-khulna
891,https://bikroy.com/en/ad/bajaj-discover-110-cbs-2020-for-sale-dhaka-1
892,https://bikroy.com/en/ad/yamaha-yzf-r15-2021-for-sale-dhaka-132
893,https://bikroy.com/en/ad/yamaha-fzs-modified-r15-v2-2012-for-sale-rangpur
894,https://bikroy.com/en/ad/tvs-stryker-2018-for-sale-dhaka-1587
895,https://bikroy.com/en/ad/tvs-metro-black-2020-for-sale-chattogram-1
896,https://bikroy.com/en/ad/yamaha-x-max-r15-khub-sundr-baaik-2020-for-sale-khulna-division
897,https://bikroy.com/en/ad/yamaha-fzs-v3-2019-for-sale-sylhet-49
898,https://bikroy.com/en/ad/yamaha-fzs-v2-fresh-condition-2018-for-sale-khulna
899,https://bikroy.com/en/ad/tvs-apache-rtr-4-v-dual-disc-2019-for-sale-dhaka-43
900,https://bikroy.com/en/ad/yamaha-fzs-v-3-fi-abs-fresh-2019-for-sale-dhaka
901,https://bikroy.com/en/ad/freedom-runner-100-2016-for-sale-khulna-division-1
902,https://bikroy.com/en/ad/suzuki-gixxer-2017-for-sale-dhaka-1509
903,https://bikroy.com/en/ad/tvs-stryker-hi-2018-for-sale-dhaka
904,https://bikroy.com/en/ad/roadmaster-rapido-2019-for-sale-barishal
905,https://bikroy.com/en/ad/tvs-apache-rtr-2017-for-sale-dhaka-division-402
906,https://bikroy.com/en/ad/hero-hunk-2019-for-sale-chattogram-115
907,https://bikroy.com/en/ad/bajaj-platina-19-2019-for-sale-barishal
908,https://bikroy.com/en/ad/bajaj-pulsar-easy-4-2014-for-sale-dhaka-division-1
909,https://bikroy.com/en/ad/butterfly-aasl-2017-for-sale-mymensingh-division-1
910,https://bikroy.com/en/ad/2012-for-sale-dhaka-division-14
911,https://bikroy.com/en/ad/bajaj-pulsar-pulser-ug3-2016-for-sale-rajshahi-division
912,https://bikroy.com/en/ad/tvs-centar-2007-for-sale-khulna
913,https://bikroy.com/en/ad/suzuki-gixxer-2018-for-sale-dhaka-929
914,https://bikroy.com/en/ad/runner-turbo-125-2017-for-sale-dhaka-413
915,https://bikroy.com/en/ad/h-power-crz-165cc-2022-for-sale-mymensingh
916,https://bikroy.com/en/ad/freedom-runner-2021-for-sale-khulna
917,https://bikroy.com/en/ad/bajaj-pulsar-dubble-diks-2022-for-sale-rangpur
918,https://bikroy.com/en/ad/yamaha-x-max-r15-dualabsbs6newc-2021-for-sale-dhaka-1
919,https://bikroy.com/en/ad/tvs-apache-rtr-2016-for-sale-khulna-277
920,https://bikroy.com/en/ad/bajaj-pulsar-2019-for-sale-rajshahi-division-84
921,https://bikroy.com/en/ad/bajaj-pulsar-pulscr-2021-for-sale-dhaka
922,https://bikroy.com/en/ad/adxon-2020-for-sale-dhaka
923,https://bikroy.com/en/ad/runner-knightrider-looking-new-2019-for-sale-khulna-division
924,https://bikroy.com/en/ad/honda-cdi-cd-80-2015-for-sale-dhaka-division
925,https://bikroy.com/en/ad/mahindra-rks-125-2021-for-sale-barishal
926,https://bikroy.com/en/ad/hero-ignitor-2019-for-sale-dhaka-division-49
927,https://bikroy.com/en/ad/yamaha-x-max-r15-version-3-2021-for-sale-rangpur-division
928,https://bikroy.com/en/ad/bajaj-platina-bike-2018-for-sale-khulna-division
929,https://bikroy.com/en/ad/yamaha-aar-ji-8-2017-for-sale-dhaka
930,https://bikroy.com/en/ad/php-merkaba-ntun-2020-for-sale-chattogram-division
931,https://bikroy.com/en/ad/honda-cd-q-1993-for-sale-dhaka-division
932,https://bikroy.com/en/ad/tvs-apache-rtr-race-editions-2022-for-sale-chattogram
933,https://bikroy.com/en/ad/hero-glamour-disk-break-2019-for-sale-dhaka
934,https://bikroy.com/en/ad/tvs-metro-18-2018-for-sale-dhaka-division-1
935,https://bikroy.com/en/ad/vespa-t5-1994-for-sale-dhaka-6
936,https://bikroy.com/en/ad/dayang-dy-100-100-cc-2008-for-sale-sylhet
937,https://bikroy.com/en/ad/yamaha-libero-2012-for-sale-barishal
938,https://bikroy.com/en/ad/suzuki-gixxer-very-smart-2017-for-sale-sylhet-5
939,https://bikroy.com/en/ad/keeway-rks-saadaa-2015-for-sale-dhaka
940,https://bikroy.com/en/ad/tvs-victor-2006-for-sale-dhaka-126
941,https://bikroy.com/en/ad/runner-turbo-125-2019-for-sale-dhaka-228
942,https://bikroy.com/en/ad/bajaj-platina-2020-for-sale-chattogram-division-6
943,https://bikroy.com/en/ad/walton-fusion-2015-for-sale-dhaka-591
944,https://bikroy.com/en/ad/tvs-apache-rtr-2015-edition-bike-for-sale-chattogram
945,https://bikroy.com/en/ad/tvs-stryker-2019-for-sale-dhaka-541
946,https://bikroy.com/en/ad/bajaj-discover-sd-cbs-2018-for-sale-dhaka
947,https://bikroy.com/en/ad/hero-splendor-60-km-kagoj-ok-2012-for-sale-dhaka-division
948,https://bikroy.com/en/ad/bajaj-pulsar-2005-for-sale-chattogram-4
949,https://bikroy.com/en/ad/bajaj-pulsar-150-cc-2018-for-sale-dhaka-division
950,https://bikroy.com/en/ad/bajaj-discover-fresh-2018-for-sale-sylhet-2
951,https://bikroy.com/en/ad/yamaha-fzs-v2-duel-dix-2020-for-sale-rajshahi
952,https://bikroy.com/en/ad/bajaj-platina-haaolaadaar-mttrs-bholaa-2015-for-sale-barishal-division-2
953,https://bikroy.com/en/ad/mahindra-centuro-mottaamutti-kmplitt-2020-for-sale-barishal-division
954,https://bikroy.com/en/ad/tvs-stryker-fresh-condition-2018-for-sale-sylhet-8
955,https://bikroy.com/en/ad/bajaj-platina-2017-for-sale-chattogram-42
956,https://bikroy.com/en/ad/roadmaster-rapido-2021-for-sale-dhaka-8
957,https://bikroy.com/en/ad/hero-xtreme-sports-naked-2021-for-sale-khulna-1
958,https://bikroy.com/en/ad/honda-hornet-ttaakaar-pryojn-taai-2019-for-sale-barishal-division
959,https://bikroy.com/en/ad/hero-passion-pro-2012-for-sale-chattogram-division-1
960,https://bikroy.com/en/ad/hero-hunk-aapddett-2019-for-sale-dhaka
961,https://bikroy.com/en/ad/hero-glamour-2011-for-sale-dhaka-division-7
962,https://bikroy.com/en/ad/freedom-runner-2015-mddel-2015-for-sale-dhaka
963,https://bikroy.com/en/ad/tvs-metro-2014-for-sale-dhaka-379
964,https://bikroy.com/en/ad/yamaha-fazer-v2-injector-2017-for-sale-dhaka
965,https://bikroy.com/en/ad/yamaha-ray-zr-streetrally125fi-2021-for-sale-chattogram
966,https://bikroy.com/en/ad/bajaj-discover-special-addition-115-2021-for-sale-barishal
967,https://bikroy.com/en/ad/bajaj-pulsar-single-disk-edition-2010-for-sale-khulna
968,https://bikroy.com/en/ad/haojin-cg125-2009-for-sale-khulna-division
969,https://bikroy.com/en/ad/suzuki-gsx-r150-abs-2021-for-sale-khulna
970,https://bikroy.com/en/ad/bajaj-pulsar-2019-for-sale-dhaka-713
971,https://bikroy.com/en/ad/tvs-apache-rtr-racingsdon-test-2020-for-sale-dhaka-6
972,https://bikroy.com/en/ad/yamaha-x-max-r15-dualabsbs6newc-2021-for-sale-dhaka-1
973,https://bikroy.com/en/ad/lml-vespa-t5-1992-for-sale-dhaka-3
974,https://bikroy.com/en/ad/bajaj-pulsar-double-disk-2022-for-sale-khulna
975,https://bikroy.com/en/ad/tvs-stryker-byaank-jmaa-2020-for-sale-chattogram
976,https://bikroy.com/en/ad/hero-hunk-no-2018-for-sale-dhaka-division
977,https://bikroy.com/en/ad/yamaha-fzs-v2-2017-for-sale-dhaka-division-19
978,https://bikroy.com/en/ad/hero-absfisdon-test-2021-for-sale-dhaka
979,https://bikroy.com/en/ad/dayang-runner-dy100-2023-for-sale-rajshahi-division
980,https://bikroy.com/en/ad/bajaj-pulsar-ug5ddmatton-test-2021-for-sale-dhaka-23
981,https://bikroy.com/en/ad/tvs-radeon-110-cbsbreakon-test-2021-for-sale-dhaka-17
982,https://bikroy.com/en/ad/bajaj-pulsar-ug5ddfullfresh-2020-for-sale-dhaka-25
983,https://bikroy.com/en/ad/tvs-apache-rtr-4vddon-test-2020-for-sale-dhaka-75
984,https://bikroy.com/en/ad/bajaj-discover-2018-for-sale-chattogram-126
985,https://bikroy.com/en/ad/runner-knightrider-2019-for-sale-chattogram-19
986,https://bikroy.com/en/ad/bajaj-pulsar-ug5ddon-testnew-2021-for-sale-dhaka-3
987,https://bikroy.com/en/ad/honda-hornet-2019-for-sale-chattogram-69
988,https://bikroy.com/en/ad/bajaj-pulsar-nsddabsfion-test-2021-for-sale-dhaka-20
989,https://bikroy.com/en/ad/hero-hunk-sdmatton-test-2021-for-sale-dhaka-1
990,https://bikroy.com/en/ad/yamaha-x-max-r15-dualabsbs6newc-2021-for-sale-dhaka-1
991,https://bikroy.com/en/ad/yamaha-fz-v3ddabsfion-test-2020-for-sale-dhaka-3
992,https://bikroy.com/en/ad/suzuki-gixxer-sfddcrbon-test-2021-for-sale-dhaka-20
993,https://bikroy.com/en/ad/hero-hunk-full-fresh-2019-for-sale-sylhet-1
994,https://bikroy.com/en/ad/hero-passion-pro-very-smart-2019-for-sale-sylhet-6
995,https://bikroy.com/en/ad/bajaj-discover-rejisttreshn-kre-dib-2022-for-sale-dhaka
996,https://bikroy.com/en/ad/zongshen-cg-125-q-2016-for-sale-dhaka
997,https://bikroy.com/en/ad/hero-hunk-hiro-2011-2013-for-sale-dhaka
998,https://bikroy.com/en/ad/tvs-metro-sd-2018-for-sale-dhaka
999,https://bikroy.com/en/ad/yamaha-yzf-r15-ymaha-v3-2019-for-sale-dhaka
1000,https://bikroy.com/en/ad/bajaj-pulsar-2016-for-sale-dhaka-1794
1001,https://bikroy.com/en/ad/yamaha-fazer-r15-modify-2014-for-sale-chattogram-7
1002,https://bikroy.com/en/ad/yamaha-fazer-v2-fi-10-yeras-tax-2018-for-sale-dhaka-22
1003,https://bikroy.com/en/ad/yamaha-yzf-r15-v3-2020-indo-for-sale-dhaka
1004,https://bikroy.com/en/ad/tvs-radeon-110-2020-for-sale-dhaka-48
1005,https://bikroy.com/en/ad/hundai-2014-for-sale-chattogram-division
1006,https://bikroy.com/en/ad/tvs-apache-rtr-4v-double-disk-2020-for-sale-dhaka-division-3
1007,https://bikroy.com/en/ad/bajaj-pulsar-2013-for-sale-mymensingh-division-5
1008,https://bikroy.com/en/ad/tvs-metro-2019-for-sale-dhaka-375
1009,https://bikroy.com/en/ad/tvs-sport-2015-2022-for-sale-dhaka
1010,https://bikroy.com/en/ad/runner-knightrider-2014-for-sale-dhaka
1011,https://bikroy.com/en/ad/ducati-khub-bhaal-2012-for-sale-dhaka-division
1012,https://bikroy.com/en/ad/tvs-stryker-sd-all-must-new-2021-for-sale-dhaka-1
1013,https://bikroy.com/en/ad/suzuki-gixxer-dd-19-2020-for-sale-dhaka
1014,https://bikroy.com/en/ad/aprilia-gpr-150-2020-2019-for-sale-rangpur
1015,https://bikroy.com/en/ad/yamaha-yzf-r15-v3-2021-for-sale-rajshahi-division-3
1016,https://bikroy.com/en/ad/suzuki-gixxer-fi-abs-bank-joma-2021-for-sale-chattogram
1017,https://bikroy.com/en/ad/hero-maestro-edge-almost-new-2020-for-sale-dhaka
1018,https://bikroy.com/en/ad/yamaha-monester-energy-2021-for-sale-dhaka
1019,https://bikroy.com/en/ad/bajaj-discover-good-condition-bike-2017-for-sale-dhaka-1
1020,https://bikroy.com/en/ad/tvs-apache-rtr-full-fresh-bike-2016-for-sale-dhaka
1021,https://bikroy.com/en/ad/hero-splendor-fresh-2018-for-sale-barishal-division
1022,https://bikroy.com/en/ad/yamaha-very-smart-2019-for-sale-sylhet-1
1023,https://bikroy.com/en/ad/walton-fusion-green-2016-for-sale-dhaka
1024,https://bikroy.com/en/ad/jialing-2003-for-sale-sylhet-9
1025,https://bikroy.com/en/ad/bajaj-pulsar-2017-for-sale-dhaka-division-272
1026,https://bikroy.com/en/ad/bajaj-discover-2017-2011-for-sale-dhaka
1027,https://bikroy.com/en/ad/yamaha-x-max-r15-dualabsbs6newc-2021-for-sale-dhaka-1
1028,https://bikroy.com/en/ad/bajaj-v15-almost-fresh-bike-2017-for-sale-dhaka
1029,https://bikroy.com/en/ad/hero-glamour-al-ddijittaal-2017-for-sale-chattogram-15
1030,https://bikroy.com/en/ad/honda-cbr-2018-for-sale-dhaka-245
1031,https://bikroy.com/en/ad/aprilia-gpr-150-on-test-sports-black-2021-for-sale-dhaka
1032,https://bikroy.com/en/ad/bajaj-pulsar-ug5-2019-2019-for-sale-dhaka-division
1033,https://bikroy.com/en/ad/tvs-apache-rtr-blue-white-2019-for-sale-dhaka-1
1034,https://bikroy.com/en/ad/hero-hunk-abs-2021-for-sale-khulna-2
1035,https://bikroy.com/en/ad/honda-cbr-2018-for-sale-dhaka-246
1036,https://bikroy.com/en/ad/yamaha-fzs-v3-2019-for-sale-dhaka-259
1037,https://bikroy.com/en/ad/hero-hunk-phul-phresh-2018-for-sale-dhaka-8
1038,https://bikroy.com/en/ad/tvs-apache-rtr-2020-for-sale-khulna-division-78
1039,https://bikroy.com/en/ad/tvs-stryker-1-2022-for-sale-dhaka-division
1040,https://bikroy.com/en/ad/bajaj-pulsar-twin-disk-2021-for-sale-dhaka-division
1041,https://bikroy.com/en/ad/tvs-apache-rtr-2019-for-sale-barishal-division-37
1042,https://bikroy.com/en/ad/suzuki-gixxer-sf-2018-for-sale-dhaka-200
1043,https://bikroy.com/en/ad/bajaj-v15-2017-for-sale-chattogram-division-4
1044,https://bikroy.com/en/ad/tvs-metro-2013-for-sale-rangpur-2
1045,https://bikroy.com/en/ad/hero-cbz-xtrem-dd-fi-abs-2021-for-sale-dhaka
1046,https://bikroy.com/en/ad/tvs-apache-rtr-2016-2017-for-sale-barishal
1047,https://bikroy.com/en/ad/benelli-tnt-150-2020-for-sale-dhaka-15
1048,https://bikroy.com/en/ad/honda-cg125-2007-for-sale-dhaka-109
1049,https://bikroy.com/en/ad/tvs-apache-rtr-racing-2012-for-sale-dhaka-1
1050,https://bikroy.com/en/ad/bajaj-pulsar-2017-model-for-sale-barishal-1
1051,https://bikroy.com/en/ad/suzuki-gixxer-sf-2020-for-sale-chattogram-14
1052,https://bikroy.com/en/ad/suzuki-hayate-2019-for-sale-dhaka-113
1053,https://bikroy.com/en/ad/suzuki-gixxer-sf-2021-for-sale-dhaka-18
1054,https://bikroy.com/en/ad/hero-glamour-good-condition-2010-for-sale-dhaka-1
1055,https://bikroy.com/en/ad/yamaha-fzs-2018-for-sale-sylhet-division-1
1056,https://bikroy.com/en/ad/honda-cg125-2000-for-sale-barishal-1
1057,https://bikroy.com/en/ad/hero-passion-pro-good-condition-2015-for-sale-sylhet
1058,https://bikroy.com/en/ad/bajaj-pulsar-2010-for-sale-dhaka-division-409
1059,https://bikroy.com/en/ad/runner-royal-ryyel-plaas-selph-2018-for-sale-dhaka
1060,https://bikroy.com/en/ad/bajaj-pulsar-dd-2020-for-sale-barishal-13
1061,https://bikroy.com/en/ad/suzuki-gixxer-2019-for-sale-barishal-43
1062,https://bikroy.com/en/ad/suzuki-gsx-r150-2020-for-sale-khulna
1063,https://bikroy.com/en/ad/hero-passion-pro-disc-brack-2020-for-sale-barishal
1064,https://bikroy.com/en/ad/bajaj-pulsar-ns160-2019-for-sale-rangpur-2
1065,https://bikroy.com/en/ad/bajaj-pulsar-2022-for-sale-khulna
1066,https://bikroy.com/en/ad/bajaj-boxer-2009-for-sale-khulna-3
1067,https://bikroy.com/en/ad/hero-splendor-en-xg-good-self-2014-for-sale-chattogram
1068,https://bikroy.com/en/ad/honda-cdi-2022-for-sale-dhaka-division-1
1069,https://bikroy.com/en/ad/bajaj-platina-ddkumentt-kiliyyaar-2016-for-sale-chattogram
1070,https://bikroy.com/en/ad/bajaj-discover-2015-for-sale-chattogram-110
1071,https://bikroy.com/en/ad/tvs-stryker-2019-for-sale-rajshahi-15
1072,https://bikroy.com/en/ad/yamaha-fazer-knddishn-khub-bhaalo-2015-for-sale-chattogram
1073,https://bikroy.com/en/ad/runner-turbo-125-2018-for-sale-dhaka-595
1074,https://bikroy.com/en/ad/lifan-kpr-2020-for-sale-dhaka-29
1075,https://bikroy.com/en/ad/power-eagle-125-2021-for-sale-chattogram-5
1076,https://bikroy.com/en/ad/power-cyclone-110-2021-for-sale-chattogram-6
1077,https://bikroy.com/en/ad/yamaha-fzs-new-2021-model-for-sale-khulna
1078,https://bikroy.com/en/ad/suzuki-gixxer-mirpur-2018-for-sale-dhaka
1079,https://bikroy.com/en/ad/bajaj-discover-2019-for-sale-chattogram-division-23
1080,https://bikroy.com/en/ad/yamaha-fazer-2019-for-sale-dhaka-111
1081,https://bikroy.com/en/ad/yamaha-mt-15-2020-for-sale-rajshahi-division
1082,https://bikroy.com/en/ad/honda-hornet-2022-for-sale-barishal
1083,https://bikroy.com/en/ad/suzuki-gixxer-2018-for-sale-barishal-70
1084,https://bikroy.com/en/ad/suzuki-hayate-110-2018-for-sale-dhaka-3
1085,https://bikroy.com/en/ad/bajaj-00-1998-for-sale-dhaka-2
1086,https://bikroy.com/en/ad/suzuki-gsx-2020-for-sale-barishal-8
1087,https://bikroy.com/en/ad/suzuki-gixxer-2018-for-sale-chattogram-160
1088,https://bikroy.com/en/ad/suzuki-gixxer-2018-2017-for-sale-dhaka-6
1089,https://bikroy.com/en/ad/hero-pleasure-hiro-honddaa-2012-for-sale-dhaka
1090,https://bikroy.com/en/ad/racing-adetion-2020-for-sale-khulna-division
1091,https://bikroy.com/en/ad/tvs-metro-2016-for-sale-dhaka-313
1092,https://bikroy.com/en/ad/bajaj-discover-135-2009-for-sale-khulna-division-6
1093,https://bikroy.com/en/ad/tvs-apache-rtr-2018-saler-bike-for-sale-dhaka
1094,https://bikroy.com/en/ad/hero-glamour-2012-for-sale-sylhet-division-3
1095,https://bikroy.com/en/ad/runner-turbo-125-red-2016-for-sale-dhaka
1096,https://bikroy.com/en/ad/tvs-apache-rtr-apachi-4v-dd-2020-for-sale-rangpur-division
1097,https://bikroy.com/en/ad/honda-xl-1990-for-sale-mymensingh
1098,https://bikroy.com/en/ad/bajaj-discover-2021-for-sale-chattogram-20
1099,https://bikroy.com/en/ad/bajaj-pulsar-palsar-2018-for-sale-rajshahi-division
1100,https://bikroy.com/en/ad/yamaha-fz-2013-for-sale-khulna-division
1101,https://bikroy.com/en/ad/roadmaster-prime-2017-for-sale-khulna-1
1102,https://bikroy.com/en/ad/bajaj-pulsar-palsar-150-2012-for-sale-chattogram-division
1103,https://bikroy.com/en/ad/bajaj-pulsar-pulser-150-cc-2017-for-sale-dhaka-1
1104,https://bikroy.com/en/ad/walton-fusion-110-2018-for-sale-dhaka
1105,https://bikroy.com/en/ad/dayang-runner-other-model-freedom-2016-for-sale-dhaka
1106,https://bikroy.com/en/ad/sym-new-2020-for-sale-rajshahi
1107,https://bikroy.com/en/ad/bajaj-pulsar-twin-disk-2020-for-sale-rangpur-division
1108,https://bikroy.com/en/ad/bajaj-pulsar-2019-for-sale-dhaka-713
1109,https://bikroy.com/en/ad/honda-livo-2021-for-sale-rajshahi-division-4
1110,https://bikroy.com/en/ad/suzuki-gixxer-2018-for-sale-sylhet-171
1111,https://bikroy.com/en/ad/tvs-apache-rtr-x-connect-abs-2021-for-sale-khulna
1112,https://bikroy.com/en/ad/yamaha-10000-2000-for-sale-dhaka
1113,https://bikroy.com/en/ad/walton-ranger-1-months-ago-2021-for-sale-dhaka-division
1114,https://bikroy.com/en/ad/ranar-150-cc-2019-for-sale-dhaka
1115,https://bikroy.com/en/ad/yamaha-fzs-0-2021-for-sale-dhaka-division
1116,https://bikroy.com/en/ad/bajaj-pulsar-2012-for-sale-rangpur-division-46
1117,https://bikroy.com/en/ad/suzuki-gixxer-bhaalo-2017-for-sale-rajshahi
1118,https://bikroy.com/en/ad/hero-glamour-2021-for-sale-chattogram-9
1119,https://bikroy.com/en/ad/bajaj-dicover-125-2016-for-sale-dhaka
1120,https://bikroy.com/en/ad/samico-cg-125-2002-for-sale-dhaka
1121,https://bikroy.com/en/ad/honda-50-cc-1974-for-sale-mymensingh
1122,https://bikroy.com/en/ad/honda-cbr-2019-abs-version-for-sale-dhaka
1123,https://bikroy.com/en/ad/hero-glamour-ekdm-ntuner-mt-2018-for-sale-dhaka-division
1124,https://bikroy.com/en/ad/benelli-165s-bike-2019-for-sale-dhaka-1
1125,https://bikroy.com/en/ad/tvs-apache-rtr-adision-2019-for-sale-dhaka
1126,https://bikroy.com/en/ad/bajaj-avenger-150-street-good-2017-for-sale-dhaka-2
1127,https://bikroy.com/en/ad/bajaj-pulsar-150cc-2011-for-sale-dhaka-21
1128,https://bikroy.com/en/ad/yamaha-fazer-2018-2019-for-sale-rajshahi-division
1129,https://bikroy.com/en/ad/hero-cbz-xtrem-2013-for-sale-khulna-2
1130,https://bikroy.com/en/ad/e-bike-dragon-2022-for-sale-chattogram
1131,https://bikroy.com/en/ad/suzuki-gixxer-2017-for-sale-dhaka-division-233
1132,https://bikroy.com/en/ad/suzuki-gixxer-phresh-2019-for-sale-dhaka-division
1133,https://bikroy.com/en/ad/bajaj-pulsar-ug-4-2017-for-sale-khulna
1134,https://bikroy.com/en/ad/hero-pleasure-2013-for-sale-rajshahi
1135,https://bikroy.com/en/ad/dayun-plight-110cc-16-2016-for-sale-dhaka
1136,https://bikroy.com/en/ad/max-chopper-bhaalo-2019-for-sale-dhaka-division
1137,https://bikroy.com/en/ad/tvs-apache-rtr-2008-for-sale-dhaka-86
1138,https://bikroy.com/en/ad/suzuki-gsx-gsxr-duel-abs-2021-for-sale-dhaka
1139,https://bikroy.com/en/ad/tvs-apache-rtr-2021-2020-for-sale-chattogram-1
1140,https://bikroy.com/en/ad/tvs-metro-es-2021-for-sale-dhaka-3
1141,https://bikroy.com/en/ad/bajaj-pulsar-twin-disc-2019-for-sale-chattogram-11
1142,https://bikroy.com/en/ad/suzuki-gixxer-sf-2016-for-sale-dhaka-730
1143,https://bikroy.com/en/ad/honda-livo-2019-2019-for-sale-dhaka-1
1144,https://bikroy.com/en/ad/honda-hornet-19k-kilo-2016-for-sale-rajshahi
1145,https://bikroy.com/en/ad/yamaha-fazer-takar-dorkar-2020-for-sale-rajshahi-division
1146,https://bikroy.com/en/ad/runner-kite-2018-for-sale-dhaka-division-8
1147,https://bikroy.com/en/ad/suzuki-gixxer-sf-fi-abs-2020-for-sale-dhaka-123
1148,https://bikroy.com/en/ad/freedom-runner-ttaaitt-plaas-110-2021-for-sale-dhaka
1149,https://bikroy.com/en/ad/hero-cbz-xtrem-2010-for-sale-sylhet-division
1150,https://bikroy.com/en/ad/hero-hunk-2019-for-sale-dhaka-536
1151,https://bikroy.com/en/ad/bajaj-ct-100-baajaaj-1995-for-sale-chattogram-division
1152,https://bikroy.com/en/ad/tvs-wego-2015-2014-for-sale-chattogram-division-3
1153,https://bikroy.com/en/ad/honda-cb-hornet-2019-for-sale-barishal-division
1154,https://bikroy.com/en/ad/yamaha-fz-fzs-v2-2020-for-sale-khulna-division
1155,https://bikroy.com/en/ad/suzuki-1984-for-sale-khulna
1156,https://bikroy.com/en/ad/tvs-apache-rtr-2021-for-sale-rajshahi-division-24
1157,https://bikroy.com/en/ad/yamaha-mt-15-2021-for-sale-dhaka-division-11
1158,https://bikroy.com/en/ad/bajaj-platina-es-self-2017-for-sale-chattogram
1159,https://bikroy.com/en/ad/yamaha-fzs-dual-pickup-2013-for-sale-dhaka-50
1160,https://bikroy.com/en/ad/tvs-apache-rtr-2018-for-sale-dhaka-1571
1161,https://bikroy.com/en/ad/bajaj-avenger-150-street-2018-for-sale-chattogram-136
1162,https://bikroy.com/en/ad/hero-thirller-160r-2021-for-sale-rangpur
1163,https://bikroy.com/en/ad/bajaj-discover-125-2021-for-sale-khulna-3
1164,https://bikroy.com/en/ad/hero-ignitor-black-blu-2018-for-sale-chattogram
1165,https://bikroy.com/en/ad/bajaj-kb-nij-1998-for-sale-rajshahi
1166,https://bikroy.com/en/ad/tvs-apache-rtr-kumillaa-2021-for-sale-chattogram-division
1167,https://bikroy.com/en/ad/suzuki-hayate-2020-for-sale-khulna-division
1168,https://bikroy.com/en/ad/runner-knightrider-v2-2021-for-sale-dhaka-5
1169,https://bikroy.com/en/ad/runner-turbo-125-2021-for-sale-rangpur-6
1170,https://bikroy.com/en/ad/bajaj-pulsar-black-2019-for-sale-dhaka-12
1171,https://bikroy.com/en/ad/tvs-metro-plus-110-ontest-2018-for-sale-sylhet
1172,https://bikroy.com/en/ad/hero-passion-pro-100-10yr-paper-2010-for-sale-sylhet-8
1173,https://bikroy.com/en/ad/keeway-rks-125-cc-2018-for-sale-dhaka-4
1174,https://bikroy.com/en/ad/tvs-radeon-110-2-years-paper-2019-for-sale-sylhet-9
1175,https://bikroy.com/en/ad/bajaj-pulsar-twin-disck-150-2018-for-sale-sylhet-14
1176,https://bikroy.com/en/ad/bajaj-ct-100-2013-for-sale-khulna-division-3
1177,https://bikroy.com/en/ad/bajaj-pulsar-150cc-2-years-paper-2017-for-sale-sylhet-10
1178,https://bikroy.com/en/ad/bajaj-platina-bikri-krbo-2012-for-sale-barishal
1179,https://bikroy.com/en/ad/tvs-apache-rtr-4v-dd-160-2yr-paper-2018-for-sale-sylhet-2
1180,https://bikroy.com/en/ad/hero-glamour-125-ontest-2019-for-sale-sylhet-9
1181,https://bikroy.com/en/ad/bajaj-discover-abs-cbs-2021-for-sale-sylhet
1182,https://bikroy.com/en/ad/hero-glamour-125cc-2-years-paper-2017-for-sale-sylhet-12
1183,https://bikroy.com/en/ad/dayang-runner-other-model-2021-for-sale-dhaka-1
1184,https://bikroy.com/en/ad/hero-hf-deluxe-100-2yr-paper-2017-for-sale-sylhet-12
1185,https://bikroy.com/en/ad/hero-passion-x-pro-100-2yr-paper-2019-for-sale-sylhet-12
1186,https://bikroy.com/en/ad/tvs-stryker-125cc-2-years-paper-2018-for-sale-sylhet-1
1187,https://bikroy.com/en/ad/runner-ad-80s-2-years-paper-2019-for-sale-sylhet-1
1188,https://bikroy.com/en/ad/bajaj-pulsar-2016-for-sale-dhaka-1794
1189,https://bikroy.com/en/ad/bajaj-discover-110-cbs-2020-for-sale-dhaka-1
1190,https://bikroy.com/en/ad/runner-turbo-125-2019-for-sale-dhaka-division-35
1191,https://bikroy.com/en/ad/jialing-jiyaling-100-used-1995-for-sale-khulna-division
1192,https://bikroy.com/en/ad/duyan-2012-for-sale-dhaka
1193,https://bikroy.com/en/ad/tvs-stryker-2021-for-sale-dhaka-58
1194,https://bikroy.com/en/ad/bajaj-platina-blue-clour-2015-for-sale-khulna
1195,https://bikroy.com/en/ad/bajaj-discover-pheresh-gaaddi-2008-for-sale-khulna
1196,https://bikroy.com/en/ad/yamaha-fzs-2016-for-sale-rajshahi-division-8
1197,https://bikroy.com/en/ad/hero-hunk-2020-for-sale-dhaka-115
1198,https://bikroy.com/en/ad/bajaj-discover-bybhrt-kintu-bhaalo-2015-for-sale-khulna
1199,https://bikroy.com/en/ad/yamaha-fzs-2021-for-sale-sylhet-6
1200,https://bikroy.com/en/ad/tvs-apache-rtr-4v-2019-for-sale-rangpur-9
1201,https://bikroy.com/en/ad/cafe-racer-21-2021-for-sale-rajshahi-division
1202,https://bikroy.com/en/ad/bajaj-discover-125-cc-2008-for-sale-khulna
1203,https://bikroy.com/en/ad/tvs-apache-rtr-4v-maa-mttrs-2019-for-sale-sylhet-1
1204,https://bikroy.com/en/ad/suzuki-gsx-2021-thai-version-2022-for-sale-rangpur
1205,https://bikroy.com/en/ad/tvs-metro-maa-mttrs-2013-for-sale-sylhet
1206,https://bikroy.com/en/ad/honda-shine-maa-mttrs-2016-for-sale-sylhet-4
1207,https://bikroy.com/en/ad/bennett-rs2-2016-for-sale-rajshahi-division
1208,https://bikroy.com/en/ad/bajaj-avenger-150-street-maa-mttrs-2018-for-sale-sylhet-3
1209,https://bikroy.com/en/ad/bajaj-pulsar-2021-for-sale-dhaka-226
1210,https://bikroy.com/en/ad/bajaj-discover-110-2020-for-sale-dhaka-17
1211,https://bikroy.com/en/ad/tvs-star-2006-for-sale-rangpur-division
1212,https://bikroy.com/en/ad/yamaha-yzf-r15-verson-3-2021-for-sale-dhaka
1213,https://bikroy.com/en/ad/yamaha-rx-nice-2000-for-sale-khulna-division
1214,https://bikroy.com/en/ad/dayang-runner-ad100-2019-for-sale-dhaka-5
1215,https://bikroy.com/en/ad/tvs-apache-rtr-2016-for-sale-khulna-277
1216,https://bikroy.com/en/ad/hero-glamour-good-condition-2010-for-sale-dhaka-1
1217,https://bikroy.com/en/ad/yamaha-fazer-dual-pickup-2013-for-sale-dhaka-27
1218,https://bikroy.com/en/ad/bajaj-avenger-150-street-super-fresh-2017-for-sale-dhaka
1219,https://bikroy.com/en/ad/hero-pleasure-2012-for-sale-dhaka
1220,https://bikroy.com/en/ad/tvs-metro-es-100-2020-for-sale-sylhet
1221,https://bikroy.com/en/ad/hero-dawn-40000-2022-for-sale-khulna-division
1222,https://bikroy.com/en/ad/runner-knightrider-raanaar-2017-for-sale-dhaka
1223,https://bikroy.com/en/ad/honda-hornet-maa-mttrs-2017-for-sale-sylhet-12
1224,https://bikroy.com/en/ad/yamaha-fzs-v3-fi-abs-maa-mttrs-2019-for-sale-sylhet-6
1225,https://bikroy.com/en/ad/honda-cdi-maa-mttrs-1986-for-sale-sylhet-1
1226,https://bikroy.com/en/ad/bajaj-pulsar-150-2012-for-sale-dhaka-division-8
1227,https://bikroy.com/en/ad/tvs-apache-rtr-4v-2020-for-sale-chattogram-51
1228,https://bikroy.com/en/ad/tvs-stryker-2019-for-sale-dhaka-542
1229,https://bikroy.com/en/ad/diacover-100cc-2017-for-sale-chattogram
1230,https://bikroy.com/en/ad/bajaj-v15-as-original-fresh-2019-for-sale-dhaka
1231,https://bikroy.com/en/ad/bajaj-discover-125-st-2015-for-sale-rangpur
1232,https://bikroy.com/en/ad/runner-turbo-125-sd-2018-for-sale-dhaka
1233,https://bikroy.com/en/ad/haojue-cool-150-2015-for-sale-dhaka-6
1234,https://bikroy.com/en/ad/hero-hunk-dd-matt-colour-2020-for-sale-dhaka
1235,https://bikroy.com/en/ad/suzuki-gixxer-dd-new-save-2021-for-sale-dhaka-2
1236,https://bikroy.com/en/ad/tvs-stryker-2021-2022-for-sale-dhaka-division
1237,https://bikroy.com/en/ad/suzuki-gixxer-fresh-2018-for-sale-dhaka-13
1238,https://bikroy.com/en/ad/honda-shine-2018-for-sale-dhaka-89
1239,https://bikroy.com/en/ad/yamaha-fazer-ntuner-mt-2021-for-sale-rajshahi-division
1240,https://bikroy.com/en/ad/honda-cbr-matte-black-2018-for-sale-dhaka
1241,https://bikroy.com/en/ad/yamaha-rx-100-2000-for-sale-dhaka-205
1242,https://bikroy.com/en/ad/tvs-stryker-2019-for-sale-dhaka-541
1243,https://bikroy.com/en/ad/tvs-metro-2016-for-sale-dhaka-313
1244,https://bikroy.com/en/ad/bajaj-boxer-2005-for-sale-dhaka-6
1245,https://bikroy.com/en/ad/dayang-dy-100-good-condition-2006-for-sale-rajshahi
1246,https://bikroy.com/en/ad/bajaj-discover-2019-for-sale-dhaka-division-86
1247,https://bikroy.com/en/ad/hero-splendor-splender-2000-for-sale-sylhet
1248,https://bikroy.com/en/ad/hero-hunk-rejisttreshn-kre-dib-2021-for-sale-dhaka
1249,https://bikroy.com/en/ad/tvs-apache-rtr-rana-2020-for-sale-dhaka
1250,https://bikroy.com/en/ad/bajaj-pulsar-registration-2020-2020-for-sale-dhaka
1251,https://bikroy.com/en/ad/honda-cbr-thai-10-y-textoken-2016-for-sale-dhaka
1252,https://bikroy.com/en/ad/bajaj-pulsar-dual-disc-2021-for-sale-dhaka-1
1253,https://bikroy.com/en/ad/yamaha-100-1985-for-sale-dhaka
1254,https://bikroy.com/en/ad/hero-hunk-dual-disc-abs-2021-for-sale-dhaka-2
1255,https://bikroy.com/en/ad/yamaha-mt-15-indian-fi-abs-bs6-2020-for-sale-dhaka
1256,https://bikroy.com/en/ad/bajaj-pulsar-valo-2020-for-sale-mymensingh-division
1257,https://bikroy.com/en/ad/tvs-metro-mettro-plaas-110sisi-2021-for-sale-dhaka-division
1258,https://bikroy.com/en/ad/dayang-runner-dy100-2002-for-sale-rajshahi
1259,https://bikroy.com/en/ad/hero-hunk-dabol-dix-2019-for-sale-khulna
1260,https://bikroy.com/en/ad/bajaj-v15-2019-for-sale-rajshahi-5
1261,https://bikroy.com/en/ad/hero-glamour-khulnaa10bchrself-2009-for-sale-khulna-division
1262,https://bikroy.com/en/ad/keeway-rk-125-rks-125-v3-2019-for-sale-dhaka
1263,https://bikroy.com/en/ad/tvs-apache-rtr-4v-dual-disk-2020-for-sale-khulna
1264,https://bikroy.com/en/ad/hero-ignitor-2018-for-sale-sylhet-108
1265,https://bikroy.com/en/ad/honda-1997-for-sale-chattogram-1
1266,https://bikroy.com/en/ad/suzuki-gixxer-sd-fresh-2018-for-sale-dhaka
1267,https://bikroy.com/en/ad/hero-hunk-new-2021-for-sale-rajshahi-division-4
1268,https://bikroy.com/en/ad/hero-thriller-160r-2021-for-sale-khulna-division-2
1269,https://bikroy.com/en/ad/bajaj-pulsar-2013-for-sale-dhaka-3146
1270,https://bikroy.com/en/ad/suzuki-gixxer-afi-abs-2021-for-sale-dhaka
1271,https://bikroy.com/en/ad/yamaha-yzf-r15-indonesian-2021-for-sale-dhaka-15
1272,https://bikroy.com/en/ad/suzuki-gixxer-fi-abs-2020-for-sale-dhaka-102
1273,https://bikroy.com/en/ad/suzuki-gixxer-sf-dd-2021-for-sale-dhaka-2
1274,https://bikroy.com/en/ad/tvs-apache-rtr-2020-for-sale-dhaka-507
1275,https://bikroy.com/en/ad/bajaj-pulsar-135-2012-for-sale-dhaka-372
1276,https://bikroy.com/en/ad/honda-hornet-2021-for-sale-chattogram-division-2
1277,https://bikroy.com/en/ad/tvs-apache-rtr-2016-for-sale-barishal-11
1278,https://bikroy.com/en/ad/tvs-apache-rtr-4th-2015-for-sale-rangpur-division
1279,https://bikroy.com/en/ad/runner-knightrider-2017-2022-for-sale-dhaka
1280,https://bikroy.com/en/ad/dayun-defender-150cc-1500-2017-for-sale-dhaka
1281,https://bikroy.com/en/ad/bajaj-platina-2015-for-sale-barishal-division-20
1282,https://bikroy.com/en/ad/runner-turbo-125-full-fresh-2021-for-sale-dhaka-division
1283,https://bikroy.com/en/ad/yamaha-fazer-2013-for-sale-dhaka-1941
1284,https://bikroy.com/en/ad/yamaha-yzf-r15-r15m-2022-for-sale-sylhet
1285,https://bikroy.com/en/ad/tvs-apache-rtr-2019-for-sale-sylhet-104
1286,https://bikroy.com/en/ad/suzuki-gixxer-single-disk-2017-for-sale-dhaka-49
1287,https://bikroy.com/en/ad/honda-cd-japan-1988-for-sale-dhaka-division
1288,https://bikroy.com/en/ad/hero-2022-for-sale-barishal
1289,https://bikroy.com/en/ad/suzuki-gixxer-2018-for-sale-dhaka-division-178
1290,https://bikroy.com/en/ad/bike-ta-khob-vhalo-2018-for-sale-chattogram
1291,https://bikroy.com/en/ad/tvs-stryker-2021-for-sale-dhaka-56
1292,https://bikroy.com/en/ad/yamaha-fz-2020-for-sale-barishal-2
1293,https://bikroy.com/en/ad/yamaha-r15-v4-brand-new-2022-for-sale-dhaka-1
1294,https://bikroy.com/en/ad/yamaha-fazer-fzer-v2-2020-for-sale-dhaka
1295,https://bikroy.com/en/ad/tvs-ntroq-2021-for-sale-dhaka
1296,https://bikroy.com/en/ad/tvs-apache-rtr-fresh-2016-for-sale-dhaka-division
1297,https://bikroy.com/en/ad/bajaj-pulsar-twin-disk-2020-for-sale-rangpur-division
1298,https://bikroy.com/en/ad/tvs-apache-rtr-150-2012-for-sale-chattogram-2
1299,https://bikroy.com/en/ad/hero-hf-deluxe-bs4-2021-for-sale-dhaka
1300,https://bikroy.com/en/ad/tvs-radeon-110-redeon-2021-for-sale-dhaka-1
1301,https://bikroy.com/en/ad/tvs-apache-rtr-2019-for-sale-chattogram-division-159
1302,https://bikroy.com/en/ad/dayang-runner-other-model-2021-for-sale-chattogram-division-1
1303,https://bikroy.com/en/ad/suzuki-gixxer-modified-sf-2017-for-sale-dhaka-division
1304,https://bikroy.com/en/ad/tvs-apache-rtr-2019-for-sale-khulna-184
1305,https://bikroy.com/en/ad/tvs-apache-rtr-2015-for-sale-dhaka-2061
1306,https://bikroy.com/en/ad/bajaj-discover-black-and-baguny-2009-for-sale-rangpur-division
1307,https://bikroy.com/en/ad/hero-cbz-xtrem-2013-for-sale-sylhet-division
1308,https://bikroy.com/en/ad/bajaj-discover-2009-for-sale-dhaka-division-137
1309,https://bikroy.com/en/ad/benelli-tnt-150-2019-for-sale-dhaka-62
1310,https://bikroy.com/en/ad/tvs-apache-rtr-4v-single-disk-2019-for-sale-dhaka-25
1311,https://bikroy.com/en/ad/bajaj-pulsar-2016-for-sale-dhaka-division-405
1312,https://bikroy.com/en/ad/yamaha-x-max-r15-v3-2019-for-sale-dhaka-18
1313,https://bikroy.com/en/ad/hero-splendor-2006-for-sale-dhaka-137
1314,https://bikroy.com/en/ad/suzuki-gixxer-full-fresh-2019-for-sale-barishal
1315,https://bikroy.com/en/ad/yamaha-yzf-r15-v2-2012-for-sale-rangpur-division
1316,https://bikroy.com/en/ad/bajaj-discover-2009-for-sale-mymensingh-division
1317,https://bikroy.com/en/ad/bajaj-avenger-150-street-u-2014-for-sale-khulna-division
1318,https://bikroy.com/en/ad/hero-glamour-hiro-2013-for-sale-chattogram
1319,https://bikroy.com/en/ad/bajaj-pulsar-2018-for-sale-rangpur-division-52
1320,https://bikroy.com/en/ad/h-power-super-r-2018-for-sale-dhaka-division
1321,https://bikroy.com/en/ad/good-condition-2016-for-sale-khulna
1322,https://bikroy.com/en/ad/bajaj-discover-125cc-10-year-papers-2018-for-sale-dhaka
